Years,Gids,T1,T2,T3
2015,1,8.35918,153.2291667,84.41583333
2015,2,7.30168,150.9791667,90.13083333
2015,3,5.10828,151.7291667,88.22583333
2015,4,6.01628,151.7291667,88.22583333
2015,5,5.70128,151.7291667,95.84583333
2015,6,6.64918,148.4791667,80.60583333
2015,7,6.53058,150.4791667,85.68583333
2015,8,6.29328,152.4791667,80.60583333
2015,9,6.25428,152.4791667,83.14583333
2015,10,5.89828,152.4791667,85.68583333
2015,11,6.05628,153.4791667,95.84583333
2015,12,6.84708,153.4791667,85.68583333
2015,13,6.88638,154.4791667,80.60583333
2015,14,7.04508,154.4791667,90.76583333
2015,15,7.5986,151.7291667,90.76583333
2015,16,7.27838,150.7291667,85.68583333
2015,17,8.07308,150.7291667,88.22583333
2015,18,8.34958,149.7291667,88.22583333
2015,19,6.33328,152.7291667,75.52583333
2015,20,9.37728,150.7291667,95.84583333
2015,21,7.51928,149.7291667,88.22583333
2015,22,8.31028,149.7291667,98.38583333
2015,23,7.87508,149.7291667,95.84583333
2015,24,7.51928,152.7291667,90.76583333
2015,25,8.58628,150.7291667,90.76583333
2015,26,6.92628,151.7291667,88.22583333
2015,27,8.62628,146.7291667,95.84583333
2015,28,7.32138,150.7291667,93.30583333
2015,29,8.50748,150.7291667,100.9258333
2015,30,7.35698,150.7291667,93.30583333
2015,31,7.95438,148.7291667,93.30583333
2015,32,6.84688,149.7291667,90.76583333
2015,33,8.94228,150.7291667,93.30583333
2015,34,6.64978,150.7291667,90.76583333
2015,35,4.71228,151.7291667,85.68583333
2015,36,5.34528,151.7291667,85.68583333
2015,37,5.66128,152.7291667,88.22583333
2015,38,6.84688,151.7291667,85.68583333
2015,39,6.17528,152.7291667,83.14583333
2015,40,7.00498,152.4791667,90.76583333
2015,41,6.80778,152.4791667,90.76583333
2015,42,5.54228,153.4791667,80.60583333
2015,43,7.83528,153.4791667,85.68583333
2015,44,8.24058,153.2291667,102.1958333
2015,45,8.12198,153.2291667,99.65583333
2015,46,8.08268,151.2291667,89.49583333
2015,47,7.88478,152.2291667,86.95583333
2015,48,5.47328,152.2291667,97.11583333
2015,49,7.96408,152.2291667,94.57583333
2015,50,6.73868,154.2291667,94.57583333
2015,51,6.97588,151.2291667,84.41583333
2015,52,6.54078,151.2291667,79.33583333
2015,53,6.89658,146.2291667,86.95583333
2015,54,6.58008,153.2291667,84.41583333
2015,55,6.46128,148.7291667,92.03583333
2015,56,6.06628,151.7291667,107.2758333
2015,57,6.89638,151.7291667,89.49583333
2015,58,6.77778,149.7291667,92.03583333
2015,59,5.51228,150.7291667,84.41583333
2015,60,5.71028,150.7291667,89.49583333
2015,61,6.14528,148.7291667,97.11583333
2015,62,5.67128,150.7291667,97.11583333
2015,63,8.60628,156.4791667,85.68583333
2015,64,5.98728,149.7291667,97.11583333
2015,65,7.81548,148.4791667,85.68583333
2015,66,6.31328,153.4791667,98.38583333
2015,67,7.26238,156.4791667,93.30583333
2015,68,7.53892,154.4791667,93.30583333
2015,69,8.51778,153.2291667,97.11583333
2015,70,7.17308,152.2291667,92.03583333
2015,71,7.33178,152.2291667,86.95583333
2015,72,6.46228,151.4791667,88.86083333
2015,73,6.30428,152.4791667,81.23583333
2015,74,8.03318,151.4791667,67.90583333
2015,75,8.94228,152.4791667,75.52583333
2015,76,7.01518,154.2291667,92.03583333
2015,77,5.67128,150.7291667,99.65583333
2015,78,6.11528,147.4791667,85.68583333
2015,79,8.13198,153.4791667,88.22583333
2015,80,7.49964,154.4791667,93.30583333
2015,81,7.30168,146.4791667,88.22583333
2015,82,7.61824,154.4791667,88.22583333
2015,83,7.65758,148.4791667,90.76583333
2015,84,7.14378,150.4791667,93.30583333
2015,85,6.59008,147.4791667,85.68583333
2015,86,6.03628,149.4791667,90.76583333
2015,87,6.03628,154.4791667,106.0058333
2015,88,5.74928,150.7291667,94.57583333
2015,89,7.69678,149.4791667,93.30583333
2015,90,6.74828,155.4791667,97.75083333
2015,91,4.68228,151.7291667,94.57583333
2015,92,7.65788,153.4791667,92.67083333
2015,93,6.58098,149.4791667,83.77583333
2015,94,6.70908,152.4791667,97.75083333
2015,95,6.50128,150.7291667,92.03583333
2015,96,6.59038,152.4791667,95.21083333
2015,97,7.26208,150.4791667,92.67083333
2015,98,7.14348,153.4791667,87.58583333
2015,99,6.43228,153.4791667,92.67083333
2015,100,7.26208,148.4791667,90.13083333
2015,101,6.66898,150.4791667,90.13083333
2015,102,7.34138,150.4791667,100.2908333
2015,103,5.90828,151.7291667,99.65583333
2015,104,6.10528,151.7291667,102.1958333
2015,105,6.39228,153.4791667,95.21083333
2015,106,6.70908,156.4791667,90.13083333
2015,107,7.26208,155.4791667,92.67083333
2015,108,7.34138,156.4791667,90.13083333
2015,109,7.69718,155.4791667,85.04583333
2015,110,6.94628,156.4791667,87.58583333
2015,111,7.26208,157.4791667,85.04583333
2015,112,6.70908,151.4791667,92.67083333
2015,113,7.83528,153.4791667,78.06583333
2015,114,6.60988,153.4791667,72.98583333
2015,115,8.40888,154.4791667,97.75083333
2015,116,6.66898,152.4791667,97.75083333
2015,117,7.30208,150.4791667,95.21083333
2015,118,7.18348,150.4791667,100.2908333
2015,119,5.79928,155.4791667,95.21083333
2015,120,7.49926,155.4791667,95.21083333
2015,121,8.05298,154.4791667,92.67083333
2015,122,7.38068,154.4791667,92.67083333
2015,123,7.14348,149.4791667,92.67083333
2015,124,6.59038,154.4791667,90.13083333
2015,125,7.34138,151.4791667,92.67083333
2015,126,6.90618,148.4791667,97.75083333
2015,127,7.34138,152.4791667,87.58583333
2015,128,7.00498,152.4791667,83.14583333
2015,129,7.28228,153.4791667,80.60583333
2015,130,6.05628,151.4791667,85.68583333
2015,131,6.76778,150.4791667,88.22583333
2015,132,7.5194653,149.4791667,80.60583333
2015,133,6.60988,150.4791667,93.30583333
2015,134,7.20288,151.4791667,93.30583333
2015,135,6.57058,150.4791667,93.30583333
2015,136,6.80778,150.4791667,90.76583333
2015,137,8.54728,151.4791667,85.68583333
2015,138,7.91458,151.4791667,85.68583333
2015,139,8.27038,152.4791667,88.22583333
2015,140,6.88638,147.4791667,88.22583333
2015,141,7.83528,151.4791667,93.30583333
2015,142,7.20288,153.4791667,70.44583333
2015,143,8.34968,154.4791667,72.98583333
2015,144,8.15178,153.4791667,90.76583333
2015,145,9.18028,151.4791667,85.68583333
2015,146,7.59804,154.4791667,75.52583333
2015,147,8.23108,154.4791667,72.98583333
2015,148,7.16368,152.4791667,83.14583333
2015,149,9.77328,154.4791667,83.14583333
2015,150,8.22088,148.9791667,101.5608333
2015,151,8.69528,147.9791667,104.1008333
2015,152,7.70718,149.9791667,78.69583333
2015,153,6.87698,149.9791667,81.23583333
2015,154,6.32328,148.9791667,109.1758333
2015,155,7.46998,149.9791667,83.77583333
2015,156,6.99558,148.9791667,96.48083333
2015,157,6.24428,148.9791667,78.69583333
2015,158,6.71828,150.9791667,78.69583333
2015,159,6.95548,151.9791667,83.77583333
2015,160,5.80928,151.9791667,83.77583333
2015,161,6.79758,151.9791667,83.77583333
2015,162,5.33528,150.9791667,104.1008333
2015,163,6.00628,149.9791667,91.40083333
2015,164,6.63968,150.9791667,86.31583333
2015,165,5.41328,148.9791667,83.77583333
2015,166,6.63968,149.9791667,88.86083333
2015,167,6.12528,148.9791667,101.5608333
2015,168,6.91618,147.9791667,91.40083333
2015,169,6.00628,148.9791667,91.40083333
2015,170,6.79758,149.9791667,83.77583333
2015,171,7.15348,148.9791667,91.40083333
2015,172,5.73028,149.9791667,86.31583333
2015,173,4.93928,150.9791667,91.40083333
2015,174,6.36228,149.9791667,91.40083333
2015,175,6.59968,148.9791667,96.48083333
2015,176,6.79758,149.9791667,101.5608333
2015,177,7.11418,150.9791667,91.40083333
2015,178,7.42995,151.9791667,91.40083333
2015,179,8.81428,151.9791667,91.40083333
2015,180,6.87698,151.9791667,86.31583333
2015,181,7.03488,149.9791667,91.40083333
2015,182,8.33958,146.9791667,121.8758333
2015,183,7.78578,149.9791667,91.40083333
2015,184,9.32728,149.9791667,91.40083333
2015,185,7.46998,151.9791667,83.77583333
2015,186,7.03488,150.9791667,88.86083333
2015,187,7.35138,150.9791667,99.02083333
2015,188,6.77888,152.4791667,86.31583333
2015,189,6.26528,150.4791667,81.23583333
2015,190,8.12288,151.4791667,93.94083333
2015,191,8.51878,150.4791667,99.02083333
2015,192,6.58098,152.4791667,86.31583333
2015,193,7.41128,151.4791667,86.31583333
2015,194,7.60916,151.4791667,83.77583333
2015,195,7.64848,153.4791667,88.86083333
2015,196,8.20218,152.4791667,83.77583333
2015,197,9.30928,151.4791667,88.86083333
2015,198,8.51878,151.4791667,86.31583333
2015,199,9.15128,151.4791667,88.86083333
2015,200,7.96498,152.4791667,88.86083333
2015,201,8.12288,152.4791667,78.69583333
2015,202,8.20218,147.4791667,86.31583333
2015,203,6.97688,150.4791667,86.31583333
2015,204,7.17398,154.4791667,78.69583333
2015,205,7.96498,150.4791667,119.3358333
2015,206,6.85818,151.4791667,88.86083333
2015,207,7.13468,150.4791667,96.48083333
2015,208,7.01608,153.4791667,83.77583333
2015,209,7.29258,150.4791667,81.23583333
2015,210,7.25338,151.4791667,88.86083333
2015,211,6.42328,152.4791667,81.23583333
2015,212,7.25338,152.4791667,76.15583333
2015,213,6.77888,151.4791667,81.23583333
2015,214,6.43228,153.4791667,102.8308333
2015,215,7.60916,152.4791667,83.77583333
2015,216,7.18348,155.4791667,95.21083333
2015,217,7.14348,154.4791667,95.21083333
2015,218,5.72028,150.9791667,87.58583333
2015,219,4.52528,152.4791667,86.31583333
2015,220,5.67228,150.4791667,86.31583333
2015,221,4.68328,150.4791667,88.86083333
2015,222,8.25098,154.4791667,97.75083333
2015,223,6.61988,148.9791667,89.49583333
2015,224,8.75028,148.9791667,86.95583333
2015,225,7.48944,148.9791667,84.41583333
2015,226,6.85708,148.9791667,79.33583333
2015,227,9.38728,143.9791667,79.33583333
2015,228,7.76598,144.9791667,86.95583333
2015,229,7.37088,152.9791667,76.79583333
2015,230,7.92458,152.9791667,76.79583333
2015,231,8.12178,149.9791667,86.95583333
2015,232,6.38228,149.9791667,89.49583333
2015,233,5.71028,149.9791667,89.49583333
2015,234,5.47328,151.9791667,86.95583333
2015,235,4.91928,151.9791667,86.95583333
2015,236,6.18428,151.9791667,86.95583333
2015,237,6.93568,151.9791667,81.87583333
2015,238,6.10528,149.9791667,81.87583333
2015,239,7.33158,151.9791667,81.87583333
2015,240,6.85708,150.9791667,84.41583333
2015,241,7.45015,144.9791667,76.79583333
2015,242,6.93568,144.9791667,79.33583333
2015,243,7.72668,144.9791667,79.33583333
2015,244,6.30328,147.9791667,84.41583333
2015,245,6.46128,151.9791667,84.41583333
2015,246,6.73848,151.9791667,89.49583333
2015,247,6.69848,149.9791667,81.87583333
2015,248,5.78928,150.9791667,86.95583333
2015,249,7.528732,145.9791667,86.95583333
2015,250,4.99828,145.9791667,86.95583333
2015,251,7.85508,155.4791667,95.21083333
2015,252,6.65918,150.9791667,74.25583333
2015,253,6.42228,150.9791667,76.79583333
2015,254,7.37088,145.9791667,89.49583333
2015,255,6.85708,150.9791667,86.95583333
2015,256,6.97568,151.9791667,69.17583333
2015,257,7.68738,144.9791667,81.87583333
2015,258,8.16178,150.9791667,94.57583333
2015,259,8.08248,149.9791667,104.7358333
2015,260,7.21298,149.9791667,89.49583333
2015,261,6.81708,148.9791667,89.49583333
2015,262,7.25218,150.9791667,86.95583333
2015,263,7.57821,150.9791667,92.67083333
2015,264,7.10378,149.9791667,95.21083333
2015,265,6.82728,150.9791667,92.67083333
2015,266,6.62938,150.9791667,92.67083333
2015,267,6.47128,150.9791667,92.67083333
2015,268,7.42032,149.9791667,92.67083333
2015,269,6.02828,151.4791667,86.31583333
2015,270,6.93678,151.4791667,86.31583333
2015,271,5.90928,152.4791667,86.31583333
2015,272,5.94828,153.4791667,88.86083333
2015,273,5.83028,150.4791667,86.31583333
2015,274,6.22528,148.4791667,83.77583333
2015,275,6.58008,146.2291667,97.11583333
2015,276,6.73868,146.2291667,94.57583333
2015,277,7.41028,154.2291667,86.95583333
2015,278,7.84548,154.2291667,86.95583333
2015,279,8.35918,154.2291667,86.95583333
2015,280,7.64748,151.2291667,97.11583333
2015,281,7.72688,153.2291667,94.57583333
2015,282,7.33178,154.2291667,84.41583333
2015,283,6.68898,152.7291667,80.60583333
2015,284,7.33178,154.2291667,86.95583333
2015,285,8.12198,153.2291667,94.57583333
2015,286,6.74798,150.9791667,90.13083333
2015,287,7.10378,150.9791667,92.67083333
2015,288,6.98558,149.4791667,102.8308333
2015,289,6.34328,152.2291667,94.57583333
2015,290,7.21308,145.2291667,84.41583333
2015,291,7.21308,145.2291667,92.03583333
2015,292,7.528917,153.2291667,79.33583333
2015,293,7.60824,153.2291667,92.03583333
2015,294,7.25238,151.2291667,89.49583333
2015,295,7.09448,152.2291667,84.41583333
2015,296,6.73868,152.2291667,89.49583333
2015,297,7.33178,151.2291667,92.03583333
2015,298,7.72688,153.2291667,84.41583333
2015,299,6.70868,150.9791667,92.67083333
2015,300,6.62938,150.9791667,92.67083333
2015,301,6.86658,150.9791667,95.21083333
2015,302,7.18308,150.9791667,95.21083333
2015,303,6.70868,150.9791667,95.21083333
2015,304,7.06448,150.9791667,95.21083333
2015,305,6.86658,150.9791667,90.13083333
2015,306,6.90658,150.9791667,92.67083333
2015,307,7.93408,150.9791667,90.13083333
2015,308,7.89478,150.9791667,90.13083333
2015,309,7.97408,150.9791667,90.13083333
2015,310,6.94588,150.9791667,92.67083333
2015,311,7.02518,150.9791667,92.67083333
2015,312,6.59008,150.9791667,87.58583333
2015,313,6.60968,151.7291667,80.60583333
2015,314,8.32988,150.9791667,90.13083333
2015,315,6.39228,150.9791667,95.21083333
2015,316,7.14378,150.9791667,90.13083333
2015,317,6.39228,150.9791667,90.13083333
2015,318,6.70868,150.9791667,87.58583333
2015,319,6.19528,150.9791667,90.13083333
2015,320,6.82728,150.9791667,90.13083333
2015,321,7.10378,150.9791667,90.13083333
2015,322,6.86658,150.9791667,92.67083333
2015,323,6.47128,150.9791667,90.13083333
2015,324,6.81728,152.2291667,89.49583333
2015,325,6.89658,153.2291667,84.41583333
2015,326,6.86658,150.9791667,92.67083333
2015,327,7.61824,150.9791667,92.67083333
2015,328,5.91728,150.9791667,87.58583333
2015,329,7.71718,151.7291667,88.22583333
2015,330,7.51928,150.7291667,98.38583333
2015,331,6.13528,150.7291667,88.22583333
2015,332,7.27838,149.7291667,88.22583333
2015,333,8.51768,152.7291667,94.57583333
2015,334,8.47758,146.7291667,92.03583333
2015,335,7.528732,146.7291667,102.1958333
2015,336,9.18928,146.7291667,99.65583333
2015,337,5.03828,147.7291667,99.65583333
2015,338,6.89638,146.7291667,99.65583333
2015,339,7.45015,147.7291667,89.49583333
2015,340,7.13358,148.7291667,89.49583333
2015,341,7.01498,152.7291667,76.79583333
2015,342,7.09428,151.7291667,81.87583333
2015,343,8.31968,150.7291667,86.95583333
2015,344,7.60805,146.7291667,84.41583333
2015,345,7.84528,150.7291667,97.11583333
2015,346,8.55728,152.7291667,102.1958333
2015,347,8.04318,151.7291667,94.57583333
2015,348,6.93568,149.7291667,81.87583333
2015,349,6.06628,151.7291667,89.49583333
2015,350,5.67128,148.7291667,92.03583333
2015,351,5.43428,148.7291667,92.03583333
2015,352,5.67128,149.7291667,89.49583333
2015,353,6.50128,151.7291667,84.41583333
2015,354,7.528732,151.7291667,86.95583333
2015,355,7.91458,153.4791667,96.48083333
2015,356,6.53058,152.4791667,93.94083333
2015,357,8.90228,148.4791667,109.1758333
2015,358,9.02128,152.4791667,93.94083333
2015,359,4.91028,151.4791667,96.48083333
2015,360,5.89828,153.4791667,111.7158333
2015,361,5.70028,153.4791667,101.5608333
2015,362,5.77928,153.4791667,88.86083333
2015,363,5.97728,149.4791667,78.69583333
2015,364,6.13528,152.4791667,91.40083333
2015,365,6.72848,153.4791667,91.40083333
2015,366,6.57058,153.4791667,91.40083333
2015,367,6.84708,151.4791667,93.94083333
2015,368,6.33328,151.4791667,99.02083333
2015,369,6.01728,153.4791667,99.02083333
2015,370,7.55875,153.4791667,96.48083333
2015,371,7.04508,152.4791667,99.02083333
2015,372,6.64918,151.4791667,96.48083333
2015,373,7.12358,153.4791667,99.02083333
2015,374,6.49128,154.4791667,96.48083333
2015,375,6.33328,145.4791667,91.40083333
2015,376,6.13528,153.4791667,91.40083333
2015,377,6.72848,153.4791667,99.02083333
2015,378,7.32158,151.4791667,93.94083333
2015,379,6.72848,145.4791667,88.86083333
2015,380,5.46328,151.4791667,96.48083333
2015,381,7.08428,153.4791667,96.48083333
2015,382,6.33328,154.4791667,96.48083333
2015,383,6.96568,154.4791667,96.48083333
2015,384,6.88638,153.4791667,96.48083333
2015,385,5.93728,153.4791667,96.48083333
2015,386,6.45228,152.4791667,93.94083333
2015,387,5.66128,152.4791667,104.1008333
2015,388,7.00498,153.4791667,81.23583333
2015,389,6.88638,151.4791667,93.94083333
2015,390,6.60988,151.4791667,86.31583333
2015,391,5.22628,151.4791667,78.69583333
2015,392,7.63808,151.4791667,91.40083333
2015,393,7.28228,151.4791667,91.40083333
2015,394,7.28228,151.4791667,91.40083333
2015,395,7.42013,150.9791667,83.77583333
2015,396,8.21108,151.9791667,83.77583333
2015,397,7.18288,149.9791667,83.77583333
2015,398,7.06428,149.9791667,76.15583333
2015,399,7.46016,149.9791667,83.77583333
2015,400,4.02028,151.9791667,88.86083333
2015,401,7.73668,151.9791667,93.94083333
2015,402,7.42013,150.9791667,93.94083333
2015,403,7.81598,149.9791667,93.94083333
2015,404,7.34158,152.9791667,91.40083333
2015,405,7.34158,147.9791667,88.86083333
2015,406,7.18288,151.9791667,93.94083333
2015,407,6.86708,150.9791667,86.31583333
2015,408,6.51128,150.9791667,81.23583333
2015,409,5.52228,148.9791667,96.48083333
2015,410,5.72028,149.9791667,91.40083333
2015,411,5.72028,149.9791667,91.40083333
2015,412,5.48328,149.9791667,83.77583333
2015,413,5.60128,149.9791667,83.77583333
2015,414,5.99728,148.9791667,81.23583333
2015,415,5.83928,151.9791667,76.15583333
2015,416,6.78778,151.9791667,76.15583333
2015,417,6.07628,149.9791667,86.31583333
2015,418,5.95728,149.9791667,88.86083333
2015,419,6.51128,149.9791667,88.86083333
2015,420,6.90638,149.9791667,83.77583333
2015,421,6.66918,149.9791667,76.15583333
2015,422,6.70848,152.9791667,86.31583333
2015,423,6.62988,145.9791667,83.77583333
2015,424,5.99728,145.9791667,78.69583333
2015,425,5.04828,145.9791667,88.86083333
2015,426,4.73228,147.9791667,86.31583333
2015,427,4.92928,150.9791667,86.31583333
2015,428,4.73228,150.9791667,93.94083333
2015,429,5.72028,150.9791667,91.40083333
2015,430,5.95728,151.9791667,86.31583333
2015,431,6.15528,151.9791667,96.48083333
2015,432,6.70868,153.4791667,93.30583333
2015,433,6.39228,153.4791667,95.84583333
2015,434,6.86658,153.4791667,90.76583333
2015,435,5.16628,154.4791667,98.38583333
2015,436,5.79928,153.4791667,90.76583333
2015,437,5.79928,153.4791667,90.76583333
2015,438,6.11528,153.4791667,85.68583333
2015,439,7.85548,153.4791667,88.22583333
2015,440,7.65758,154.4791667,95.84583333
2015,441,7.61824,154.4791667,95.84583333
2015,442,8.40848,149.4791667,88.22583333
2015,443,7.49964,153.4791667,100.9258333
2015,444,7.89478,154.4791667,100.9258333
2015,445,8.09268,149.4791667,98.38583333
2015,446,8.17128,149.4791667,98.38583333
2015,447,7.89478,153.4791667,98.38583333
2015,448,7.81548,156.4791667,95.84583333
2015,449,7.81548,151.4791667,90.76583333
2015,450,8.28988,151.4791667,90.76583333
2015,451,7.02518,152.4791667,100.9258333
2015,452,7.65758,156.4791667,88.22583333
2015,453,7.49964,154.4791667,93.30583333
2015,454,6.27328,156.4791667,95.84583333
2015,455,6.94588,155.4791667,98.38583333
2015,456,7.26238,150.9791667,87.58583333
2016,1,4.5643,158.1041667,88.63041667
2016,2,5.75826,156.8541667,90.54041667
2016,3,3.59476,157.1041667,98.16041667
2016,4,5.70826,158.1041667,90.54041667
2016,5,3.59476,158.1041667,93.08041667
2016,6,5.03166,155.1041667,89.90041667
2016,7,6.36626,158.1041667,97.52541667
2016,8,6.43226,157.1041667,82.28041667
2016,9,4.77156,156.1041667,92.44541667
2016,10,4.51068,153.1041667,97.52541667
2016,11,4.60826,154.1041667,94.98541667
2016,12,5.16176,155.1041667,82.28041667
2016,13,4.86906,155.1041667,87.36041667
2016,14,5.91126,156.1041667,97.52541667
2016,15,5.70826,159.1041667,98.16041667
2016,16,5.26296,157.1041667,98.16041667
2016,17,6.97726,156.1041667,93.08041667
2016,18,5.47026,155.1041667,98.16041667
2016,19,5.95526,156.1041667,80.38041667
2016,20,5.53926,157.1041667,93.08041667
2016,21,5.05536,154.1041667,93.08041667
2016,22,4.5413,155.1041667,98.16041667
2016,23,6.12826,154.1041667,98.16041667
2016,24,6.23826,159.1041667,98.16041667
2016,25,6.26626,156.1041667,95.62041667
2016,26,5.87026,158.1041667,80.38041667
2016,27,4.43059,152.1041667,100.7004167
2016,28,3.24926,153.1041667,105.7804167
2016,29,5.61126,154.1041667,103.2404167
2016,30,4.69626,153.1041667,98.16041667
2016,31,5.72126,155.1041667,95.62041667
2016,32,5.02076,155.1041667,98.16041667
2016,33,6.09126,156.1041667,90.54041667
2016,34,4.36696,154.1041667,90.54041667
2016,35,4.93706,157.1041667,95.62041667
2016,36,5.77526,157.1041667,93.08041667
2016,37,5.77526,159.1041667,93.08041667
2016,38,5.33976,156.1041667,82.92041667
2016,39,7.04026,159.1041667,88.00041667
2016,40,4.86906,155.1041667,92.44541667
2016,41,5.38526,157.1041667,94.98541667
2016,42,5.25106,159.1041667,94.98541667
2016,43,5.71526,159.1041667,89.90041667
2016,44,4.92136,158.1041667,86.09041667
2016,45,5.88126,158.1041667,86.09041667
2016,46,4.49719,150.1041667,75.93041667
2016,47,4.25506,153.1041667,81.01041667
2016,48,5.63926,156.1041667,83.55041667
2016,49,5.96426,158.1041667,91.17541667
2016,50,6.33426,159.1041667,88.63041667
2016,51,5.36066,159.1041667,81.01041667
2016,52,5.39456,159.1041667,93.71541667
2016,53,5.79726,158.1041667,88.63041667
2016,54,5.18906,155.1041667,88.63041667
2016,55,5.33566,156.1041667,84.82041667
2016,56,5.06716,155.1041667,82.28041667
2016,57,4.12756,156.1041667,79.74041667
2016,58,5.10036,158.1041667,97.52541667
2016,59,4.89906,157.1041667,92.44541667
2016,60,4.89906,155.1041667,82.28041667
2016,61,5.46926,158.1041667,82.28041667
2016,62,4.69766,156.1041667,84.82041667
2016,63,5.21266,156.1041667,84.19041667
2016,64,5.20136,156.1041667,82.28041667
2016,65,5.17316,157.1041667,76.57041667
2016,66,4.85696,157.1041667,86.73041667
2016,67,4.5214,159.1041667,91.81041667
2016,68,4.59816,157.1041667,81.65041667
2016,69,5.47526,156.1041667,91.17541667
2016,70,5.73326,155.1041667,96.25541667
2016,71,6.06626,158.1041667,86.09041667
2016,72,6.42426,156.6041667,93.08041667
2016,73,4.89346,157.6041667,82.92041667
2016,74,3.78836,157.1041667,97.52541667
2016,75,5.19706,158.1041667,79.74041667
2016,76,6.39826,158.1041667,91.17541667
2016,77,6.21726,160.1041667,82.28041667
2016,78,4.14016,157.1041667,81.65041667
2016,79,6.16326,155.1041667,94.35041667
2016,80,4.92136,157.1041667,76.57041667
2016,81,4.88676,156.1041667,81.65041667
2016,82,5.56926,156.1041667,84.19041667
2016,83,5.54426,156.1041667,84.19041667
2016,84,6.13226,157.1041667,89.27041667
2016,85,6.00026,157.1041667,79.11041667
2016,86,5.12756,155.1041667,89.27041667
2016,87,4.42315,156.1041667,71.49041667
2016,88,5.06716,154.1041667,84.82041667
2016,89,6.13626,157.1041667,74.03041667
2016,90,5.80226,156.8541667,86.73041667
2016,91,5.90626,156.1041667,82.28041667
2016,92,7.00626,157.8541667,86.73041667
2016,93,5.50626,156.6041667,75.30041667
2016,94,5.93226,153.8541667,84.19041667
2016,95,5.60326,158.1041667,77.20041667
2016,96,5.34596,156.8541667,94.35041667
2016,97,5.80426,157.8541667,94.35041667
2016,98,6.16026,157.8541667,96.89041667
2016,99,6.50826,158.8541667,99.43041667
2016,100,6.71026,153.8541667,91.81041667
2016,101,6.81126,154.8541667,91.81041667
2016,102,5.73726,154.8541667,91.81041667
2016,103,6.24126,155.1041667,87.36041667
2016,104,4.49632,156.1041667,89.90041667
2016,105,5.93826,156.8541667,89.27041667
2016,106,6.84426,156.8541667,94.35041667
2016,107,5.70326,156.8541667,89.27041667
2016,108,6.57526,157.8541667,99.43041667
2016,109,6.64226,156.8541667,84.19041667
2016,110,7.11226,158.8541667,94.35041667
2016,111,6.40826,151.8541667,94.35041667
2016,112,4.42851,156.8541667,109.5904167
2016,113,6.66026,159.1041667,94.98541667
2016,114,4.33076,159.1041667,89.90041667
2016,115,6.94126,158.8541667,104.5104167
2016,116,5.14396,149.8541667,89.27041667
2016,117,5.18336,155.8541667,89.27041667
2016,118,6.84426,156.8541667,94.35041667
2016,119,3.95796,147.8541667,91.81041667
2016,120,5.14396,151.8541667,91.81041667
2016,121,6.29026,153.8541667,89.27041667
2016,122,5.38126,151.8541667,91.81041667
2016,123,3.40426,156.8541667,101.9704167
2016,124,5.10456,151.8541667,91.81041667
2016,125,6.01326,154.8541667,89.27041667
2016,126,5.23386,152.8541667,101.9704167
2016,127,7.43726,156.8541667,89.27041667
2016,128,5.01856,157.1041667,84.82041667
2016,129,5.51426,156.1041667,79.74041667
2016,130,5.32366,158.1041667,89.90041667
2016,131,5.85826,159.1041667,82.28041667
2016,132,6.36426,159.1041667,92.44541667
2016,133,5.95926,159.1041667,84.82041667
2016,134,6.08726,159.1041667,94.98541667
2016,135,5.55226,159.1041667,92.44541667
2016,136,5.58926,156.1041667,84.82041667
2016,137,5.25726,157.1041667,100.0654167
2016,138,4.40897,158.1041667,92.44541667
2016,139,5.70026,156.1041667,107.6854167
2016,140,3.74476,155.1041667,97.52541667
2016,141,6.14326,156.1041667,94.98541667
2016,142,5.36796,157.1041667,94.98541667
2016,143,5.99526,157.1041667,92.44541667
2016,144,5.70026,156.1041667,100.0654167
2016,145,4.03946,157.1041667,107.6854167
2016,146,5.58826,157.1041667,84.82041667
2016,147,5.34516,157.1041667,79.74041667
2016,148,4.41104,158.1041667,105.1454167
2016,149,5.58726,156.1041667,92.44541667
2016,150,5.84926,158.6041667,89.90041667
2016,151,5.53826,159.6041667,74.66041667
2016,152,5.79626,156.6041667,97.52541667
2016,153,5.39966,159.6041667,89.90041667
2016,154,3.11626,154.6041667,94.98541667
2016,155,6.27626,158.6041667,89.90041667
2016,156,5.22666,155.6041667,102.6054167
2016,157,5.64826,158.6041667,97.52541667
2016,158,5.87026,155.6041667,102.6054167
2016,159,5.15746,155.6041667,97.52541667
2016,160,3.98116,155.6041667,87.36041667
2016,161,6.02226,157.6041667,87.36041667
2016,162,5.26126,156.6041667,112.7604167
2016,163,4.15416,156.6041667,94.98541667
2016,164,6.19526,158.6041667,77.20041667
2016,165,5.26126,159.6041667,79.74041667
2016,166,6.78326,159.6041667,84.82041667
2016,167,6.78326,159.6041667,79.74041667
2016,168,7.12926,159.6041667,87.36041667
2016,169,5.25226,159.6041667,97.52541667
2016,170,6.25226,158.6041667,92.44541667
2016,171,5.91826,158.6041667,92.44541667
2016,172,4.39772,154.6041667,92.44541667
2016,173,5.10206,158.6041667,92.44541667
2016,174,6.04126,155.6041667,100.0654167
2016,175,2.08226,157.6041667,120.3804167
2016,176,4.90076,155.6041667,94.98541667
2016,177,3.02226,156.6041667,89.90041667
2016,178,5.15606,158.6041667,87.36041667
2016,179,4.43093,157.6041667,94.98541667
2016,180,3.20926,157.6041667,94.98541667
2016,181,3.78196,158.6041667,97.52541667
2016,182,5.19416,159.6041667,94.98541667
2016,183,3.01826,157.6041667,97.52541667
2016,184,6.45426,159.6041667,97.52541667
2016,185,5.34706,159.6041667,89.90041667
2016,186,4.73606,159.6041667,97.52541667
2016,187,4.58386,159.6041667,92.44541667
2016,188,5.32036,158.6041667,95.62041667
2016,189,2.87726,155.6041667,115.9404167
2016,190,6.35126,157.6041667,95.62041667
2016,191,7.11426,158.6041667,77.84041667
2016,192,5.11286,158.6041667,85.46041667
2016,193,5.54926,158.6041667,90.54041667
2016,194,6.33026,157.6041667,88.00041667
2016,195,6.18326,158.6041667,90.54041667
2016,196,5.11286,157.6041667,93.08041667
2016,197,5.07616,158.6041667,93.08041667
2016,198,4.07976,158.6041667,95.62041667
2016,199,4.35656,158.6041667,95.62041667
2016,200,5.56726,157.6041667,85.46041667
2016,201,3.56086,157.6041667,105.7804167
2016,202,3.52626,158.6041667,105.7804167
2016,203,4.04516,157.6041667,90.54041667
2016,204,6.31026,155.6041667,88.00041667
2016,205,6.05626,156.6041667,80.38041667
2016,206,6.09926,155.6041667,90.54041667
2016,207,5.70826,158.6041667,100.7004167
2016,208,6.81126,156.6041667,88.00041667
2016,209,6.55426,155.6041667,82.92041667
2016,210,6.78226,156.6041667,85.46041667
2016,211,6.22926,157.6041667,93.08041667
2016,212,5.31696,146.6041667,82.92041667
2016,213,6.03426,153.6041667,88.00041667
2016,214,3.68126,151.8541667,96.89041667
2016,215,5.93526,158.6041667,77.84041667
2016,216,5.85226,155.8541667,94.35041667
2016,217,6.04226,151.8541667,91.81041667
2016,218,6.31526,153.8541667,95.62041667
2016,219,3.55876,154.6041667,110.8604167
2016,220,6.32626,156.6041667,88.00041667
2016,221,4.53576,156.6041667,93.08041667
2016,222,6.61526,155.8541667,86.73041667
2016,223,4.91566,151.3541667,89.27041667
2016,224,4.95366,150.3541667,86.73041667
2016,225,5.33566,150.3541667,89.27041667
2016,226,4.91566,153.3541667,81.65041667
2016,227,5.48826,152.3541667,84.19041667
2016,228,5.41176,152.3541667,79.11041667
2016,229,5.14466,152.3541667,76.57041667
2016,230,5.48826,154.3541667,91.81041667
2016,231,5.52626,154.3541667,91.81041667
2016,232,5.52626,156.3541667,86.73041667
2016,233,5.19096,155.3541667,81.65041667
2016,234,5.05676,155.3541667,86.73041667
2016,235,6.14526,156.3541667,89.27041667
2016,236,5.91726,156.3541667,81.65041667
2016,237,7.08926,157.3541667,81.65041667
2016,238,5.89526,152.3541667,89.27041667
2016,239,7.77426,154.3541667,89.27041667
2016,240,5.29206,155.3541667,86.73041667
2016,241,6.09626,154.3541667,94.35041667
2016,242,6.16426,154.3541667,86.73041667
2016,243,6.76826,154.3541667,96.89041667
2016,244,5.99626,156.3541667,89.27041667
2016,245,5.99626,156.3541667,81.65041667
2016,246,8.21026,155.3541667,84.19041667
2016,247,7.37226,156.3541667,79.11041667
2016,248,7.03626,155.3541667,89.27041667
2016,249,6.53326,150.3541667,86.73041667
2016,250,6.33226,153.3541667,91.81041667
2016,251,6.34826,157.8541667,91.81041667
2016,252,5.89526,153.3541667,86.73041667
2016,253,5.72826,154.3541667,86.73041667
2016,254,6.76826,155.3541667,91.81041667
2016,255,6.86126,155.3541667,86.73041667
2016,256,6.30826,154.3541667,86.73041667
2016,257,5.75426,157.3541667,81.65041667
2016,258,6.56826,154.3541667,104.5104167
2016,259,6.55526,154.3541667,89.27041667
2016,260,5.83126,148.3541667,81.65041667
2016,261,5.45046,148.3541667,86.73041667
2016,262,5.22146,154.3541667,84.19041667
2016,263,5.72926,156.8541667,80.38041667
2016,264,5.05746,152.8541667,80.38041667
2016,265,4.19876,149.8541667,100.7004167
2016,266,5.21596,154.8541667,90.54041667
2016,267,5.72626,154.8541667,88.00041667
2016,268,5.76426,153.8541667,80.38041667
2016,269,6.97726,158.6041667,88.00041667
2016,270,5.51226,155.6041667,72.76041667
2016,271,5.70726,156.6041667,85.46041667
2016,272,6.57926,156.6041667,85.46041667
2016,273,6.57926,157.6041667,90.54041667
2016,274,6.41126,157.6041667,85.46041667
2016,275,6.62926,157.1041667,81.01041667
2016,276,6.49926,158.1041667,88.63041667
2016,277,6.59726,157.1041667,86.09041667
2016,278,6.90426,156.1041667,96.25541667
2016,279,6.20026,156.1041667,96.25541667
2016,280,6.16626,157.1041667,101.3354167
2016,281,5.88126,157.1041667,101.3354167
2016,282,4.98156,158.1041667,98.79541667
2016,283,7.72326,158.1041667,80.38041667
2016,284,5.25826,156.1041667,91.17541667
2016,285,5.43126,155.1041667,88.63041667
2016,286,5.49626,153.8541667,90.54041667
2016,287,6.56526,154.8541667,98.16041667
2016,288,6.42026,154.8541667,99.43041667
2016,289,6.16726,156.1041667,91.17541667
2016,290,6.09026,156.1041667,93.71541667
2016,291,5.77026,156.1041667,93.71541667
2016,292,5.03206,149.1041667,93.71541667
2016,293,4.92136,149.1041667,93.71541667
2016,294,6.15826,160.1041667,88.63041667
2016,295,5.29286,160.1041667,81.01041667
2016,296,5.50026,160.1041667,83.55041667
2016,297,6.25026,160.1041667,83.55041667
2016,298,5.58526,159.1041667,81.01041667
2016,299,6.79426,158.8541667,82.92041667
2016,300,7.05026,159.8541667,82.92041667
2016,301,5.50026,156.8541667,90.54041667
2016,302,5.15296,157.8541667,90.54041667
2016,303,4.06876,157.8541667,88.00041667
2016,304,5.24226,157.8541667,88.00041667
2016,305,6.31226,157.8541667,95.62041667
2016,306,6.23826,157.8541667,82.92041667
2016,307,6.49626,157.8541667,85.46041667
2016,308,6.02626,156.8541667,95.62041667
2016,309,5.71526,157.8541667,85.46041667
2016,310,5.78426,156.8541667,82.92041667
2016,311,6.05426,153.8541667,82.92041667
2016,312,5.98026,152.8541667,85.46041667
2016,313,6.09526,159.1041667,80.38041667
2016,314,6.44926,154.8541667,85.46041667
2016,315,6.78526,157.8541667,85.46041667
2016,316,6.04726,158.8541667,95.62041667
2016,317,6.28226,154.8541667,88.00041667
2016,318,6.24826,157.8541667,90.54041667
2016,319,5.44356,151.8541667,90.54041667
2016,320,5.51026,151.8541667,93.08041667
2016,321,6.51626,157.8541667,80.38041667
2016,322,7.79226,156.8541667,80.38041667
2016,323,5.40966,154.8541667,98.16041667
2016,324,6.31626,159.1041667,91.17541667
2016,325,4.67846,160.1041667,93.71541667
2016,326,6.04726,151.8541667,90.54041667
2016,327,5.84526,158.8541667,88.00041667
2016,328,4.23546,157.8541667,121.0204167
2016,329,6.42126,157.1041667,82.92041667
2016,330,4.46726,154.1041667,100.7004167
2016,331,5.17166,155.1041667,93.08041667
2016,332,6.14426,155.1041667,95.62041667
2016,333,6.47426,157.1041667,94.98541667
2016,334,6.30126,154.1041667,94.98541667
2016,335,6.85126,155.1041667,87.36041667
2016,336,5.92026,157.1041667,100.0654167
2016,337,3.91376,158.1041667,110.2254167
2016,338,5.84226,158.1041667,79.74041667
2016,339,5.28856,158.1041667,77.20041667
2016,340,5.06716,158.1041667,74.66041667
2016,341,5.58326,158.1041667,79.74041667
2016,342,5.25116,156.1041667,92.44541667
2016,343,4.88246,157.1041667,89.90041667
2016,344,4.43266,156.1041667,94.98541667
2016,345,6.61226,158.1041667,92.44541667
2016,346,6.54326,157.1041667,92.44541667
2016,347,5.74726,156.1041667,84.82041667
2016,348,5.53926,157.1041667,89.90041667
2016,349,5.05536,157.1041667,82.28041667
2016,350,5.15916,158.1041667,79.74041667
2016,351,4.74406,158.1041667,94.98541667
2016,352,4.81326,158.1041667,87.36041667
2016,353,4.50186,158.1041667,84.82041667
2016,354,3.98296,156.1041667,82.28041667
2016,355,5.71626,155.1041667,93.71541667
2016,356,4.12506,155.1041667,91.17541667
2016,357,4.471066,152.1041667,101.3354167
2016,358,5.95826,153.1041667,88.63041667
2016,359,5.26676,157.1041667,78.47041667
2016,360,4.12506,154.1041667,93.71541667
2016,361,5.47426,158.1041667,68.31041667
2016,362,6.27026,159.1041667,81.01041667
2016,363,5.31796,157.1041667,83.55041667
2016,364,4.88206,154.1041667,83.55041667
2016,365,5.75726,157.1041667,81.01041667
2016,366,4.78106,157.1041667,81.01041667
2016,367,5.55326,156.1041667,81.01041667
2016,368,5.68726,156.1041667,75.93041667
2016,369,6.32426,158.1041667,78.47041667
2016,370,6.39226,156.1041667,81.01041667
2016,371,5.68726,156.1041667,88.63041667
2016,372,6.08926,159.1041667,86.09041667
2016,373,5.75426,158.1041667,75.93041667
2016,374,5.45216,158.1041667,83.55041667
2016,375,6.82726,157.1041667,78.47041667
2016,376,6.55926,157.1041667,78.47041667
2016,377,6.29126,158.1041667,81.01041667
2016,378,6.32426,158.1041667,73.39041667
2016,379,5.78826,157.1041667,81.01041667
2016,380,5.18376,155.1041667,83.55041667
2016,381,4.92086,153.1041667,96.25541667
2016,382,5.08346,156.1041667,83.55041667
2016,383,6.69326,157.1041667,83.55041667
2016,384,4.67866,158.1041667,101.3354167
2016,385,5.88926,158.1041667,96.25541667
2016,386,6.61626,159.1041667,86.09041667
2016,387,5.85526,154.1041667,73.39041667
2016,388,5.85526,158.1041667,88.63041667
2016,389,5.70726,159.1041667,88.63041667
2016,390,5.52326,158.1041667,86.09041667
2016,391,5.11666,155.1041667,96.25541667
2016,392,5.55926,158.1041667,86.09041667
2016,393,5.78126,158.1041667,88.63041667
2016,394,5.55926,158.1041667,88.63041667
2016,395,5.42816,156.1041667,93.08041667
2016,396,5.20676,157.1041667,82.92041667
2016,397,5.50226,158.1041667,90.54041667
2016,398,5.86326,159.1041667,90.54041667
2016,399,5.74426,158.1041667,82.92041667
2016,400,4.71616,159.1041667,88.00041667
2016,401,5.39006,157.1041667,88.00041667
2016,402,5.03306,158.1041667,75.30041667
2016,403,4.35916,158.1041667,85.46041667
2016,404,5.27526,159.1041667,82.92041667
2016,405,5.50726,158.1041667,77.84041667
2016,406,5.50426,158.1041667,88.00041667
2016,407,5.46626,159.1041667,80.38041667
2016,408,5.46626,158.1041667,90.54041667
2016,409,5.87126,159.1041667,77.84041667
2016,410,5.28976,156.1041667,90.54041667
2016,411,5.28976,158.1041667,77.84041667
2016,412,4.87466,158.1041667,80.38041667
2016,413,6.06526,158.1041667,82.92041667
2016,414,5.69626,158.1041667,82.92041667
2016,415,5.83126,157.1041667,88.00041667
2016,416,6.37226,157.1041667,88.00041667
2016,417,5.39566,155.1041667,75.30041667
2016,418,5.75426,156.1041667,90.54041667
2016,419,5.91626,155.1041667,82.92041667
2016,420,5.52526,157.1041667,80.38041667
2016,421,5.59526,157.1041667,80.38041667
2016,422,6.06526,156.1041667,82.92041667
2016,423,5.76326,156.1041667,82.92041667
2016,424,6.46826,156.1041667,90.54041667
2016,425,5.69626,158.1041667,85.46041667
2016,426,5.83126,157.1041667,85.46041667
2016,427,6.03226,157.1041667,88.00041667
2016,428,5.52526,156.1041667,85.46041667
2016,429,5.98126,157.1041667,95.62041667
2016,430,5.59126,157.1041667,95.62041667
2016,431,6.89326,156.1041667,88.00041667
2016,432,6.59226,159.1041667,84.19041667
2016,433,5.87526,154.1041667,81.65041667
2016,434,4.57326,158.1041667,86.73041667
2016,435,5.94126,157.1041667,79.11041667
2016,436,6.23426,157.1041667,84.19041667
2016,437,5.76526,156.1041667,94.35041667
2016,438,4.49027,156.1041667,94.35041667
2016,439,6.43026,157.1041667,96.89041667
2016,440,5.28526,157.1041667,86.73041667
2016,441,5.71726,156.1041667,86.73041667
2016,442,4.92136,157.1041667,79.11041667
2016,443,4.71376,157.1041667,74.03041667
2016,444,5.09436,158.1041667,71.49041667
2016,445,3.52916,156.1041667,84.19041667
2016,446,4.86526,157.1041667,86.73041667
2016,447,4.94136,157.1041667,89.27041667
2016,448,4.29236,156.1041667,81.65041667
2016,449,4.67436,156.1041667,81.65041667
2016,450,5.74326,159.1041667,86.73041667
2016,451,3.98726,152.1041667,86.73041667
2016,452,4.86526,153.1041667,79.11041667
2016,453,4.36918,154.1041667,89.27041667
2016,454,4.67436,157.1041667,94.35041667
2016,455,4.73866,157.1041667,89.27041667
2016,456,7.05326,156.8541667,90.54041667
2017,1,6.652908333,166.75,36.91666667
2017,2,7.500908333,165,39.41666667
2017,3,6.925908333,166.5,45.91666667
2017,4,8.477508333,168.5,40.91666667
2017,5,7.230908333,166.5,45.91666667
2017,6,8.372608333,164.5,39.16666667
2017,7,7.653908333,167.5,43.16666667
2017,8,8.292608333,164.5,35.16666667
2017,9,6.778908333,163.5,39.16666667
2017,10,7.136908333,162.5,40.16666667
2017,11,7.307908333,161.5,40.16666667
2017,12,7.854808333,164.5,39.16666667
2017,13,6.846908333,163.5,41.16666667
2017,14,8.332908333,164.5,42.16666667
2017,15,7.736408333,169.5,39.91666667
2017,16,7.792908333,164.5,38.91666667
2017,17,7.875008333,164.5,39.91666667
2017,18,8.291908333,161.5,35.91666667
2017,19,8.658438333,164.5,34.91666667
2017,20,9.090208333,162.5,41.91666667
2017,21,8.008108333,162.5,38.91666667
2017,22,9.120408333,162.5,39.91666667
2017,23,8.534708333,163.5,37.91666667
2017,24,8.223308333,168.5,40.91666667
2017,25,9.371308333,164.5,40.91666667
2017,26,7.932808333,166.5,37.91666667
2017,27,9.041108333,160.5,40.91666667
2017,28,8.708208333,160.5,42.91666667
2017,29,8.761328333,160.5,42.91666667
2017,30,8.330908333,160.5,39.91666667
2017,31,8.361208333,160.5,41.91666667
2017,32,8.152008333,162.5,40.91666667
2017,33,8.402908333,164.5,39.91666667
2017,34,7.792908333,164.5,37.91666667
2017,35,7.519908333,165.5,42.91666667
2017,36,7.742508333,165.5,41.91666667
2017,37,7.556908333,169.5,41.91666667
2017,38,7.482908333,164.5,37.91666667
2017,39,7.630908333,170.5,36.91666667
2017,40,7.296908333,164.5,44.16666667
2017,41,7.153908333,166.5,43.16666667
2017,42,7.242908333,167.5,42.16666667
2017,43,7.076908333,167.5,43.16666667
2017,44,8.036008333,165.75,34.91666667
2017,45,7.663908333,165.75,36.91666667
2017,46,6.728908333,159.75,33.91666667
2017,47,6.587908333,159.75,36.91666667
2017,48,6.809908333,164.75,33.91666667
2017,49,7.849108333,167.75,37.91666667
2017,50,8.036008333,167.75,37.91666667
2017,51,6.884908333,164.75,36.91666667
2017,52,7.566908333,166.75,40.91666667
2017,53,6.526908333,164.75,37.91666667
2017,54,6.490908333,163.75,38.91666667
2017,55,6.915908333,165.25,38.16666667
2017,56,7.174908333,167.25,36.16666667
2017,57,7.769108333,165.25,38.16666667
2017,58,6.989908333,167.25,43.16666667
2017,59,7.248908333,164.25,40.16666667
2017,60,6.402908333,163.25,35.16666667
2017,61,7.132908333,166.25,33.16666667
2017,62,7.517908333,166.25,42.16666667
2017,63,8.350608333,164.25,37.41666667
2017,64,7.709908333,165.25,35.16666667
2017,65,8.740658333,165.25,37.41666667
2017,66,8.119908333,165.25,40.41666667
2017,67,8.210008333,165.25,39.41666667
2017,68,8.619608333,163.25,36.41666667
2017,69,7.382908333,164.75,36.91666667
2017,70,7.997708333,161.75,37.91666667
2017,71,7.921008333,168.75,35.91666667
2017,72,7.298908333,164.5,38.91666667
2017,73,7.491908333,165.5,35.91666667
2017,74,7.372908333,161.5,42.16666667
2017,75,7.327908333,166.5,36.16666667
2017,76,6.997908333,168.75,36.91666667
2017,77,7.517908333,172.25,39.16666667
2017,78,8.081608333,163.25,37.41666667
2017,79,7.235908333,162.25,38.41666667
2017,80,8.235608333,163.25,36.41666667
2017,81,6.987908333,165.25,36.41666667
2017,82,8.700978333,164.25,36.41666667
2017,83,6.030908333,168.25,34.41666667
2017,84,8.350608333,167.25,40.41666667
2017,85,6.621908333,167.25,35.41666667
2017,86,6.928908333,162.25,39.41666667
2017,87,7.543908333,162.25,36.41666667
2017,88,7.286908333,164.25,34.16666667
2017,89,8.197308333,165.25,36.41666667
2017,90,6.828908333,165,37.16666667
2017,91,7.209908333,165.25,35.16666667
2017,92,7.981408333,166,40.16666667
2017,93,5.774908333,164.5,34.91666667
2017,94,7.789708333,158,35.16666667
2017,95,7.026908333,166.25,37.16666667
2017,96,6.982908333,164,42.16666667
2017,97,7.674108333,165,42.16666667
2017,98,8.135408333,164,43.16666667
2017,99,7.327908333,170,41.16666667
2017,100,7.943108333,162,38.16666667
2017,101,8.005608333,163,36.16666667
2017,102,7.712408333,163,35.16666667
2017,103,6.710908333,162.25,34.16666667
2017,104,6.671908333,165.25,41.16666667
2017,105,7.527908333,167,37.16666667
2017,106,7.607908333,165,40.16666667
2017,107,7.882508333,168,38.16666667
2017,108,7.908108333,166,40.16666667
2017,109,8.046008333,163,35.16666667
2017,110,7.245908333,169,36.16666667
2017,111,7.487908333,158,36.16666667
2017,112,6.459908333,162,42.16666667
2017,113,8.505808333,167.5,38.16666667
2017,114,8.225308333,168.5,41.16666667
2017,115,7.658908333,169,39.16666667
2017,116,8.212108333,156,35.16666667
2017,117,6.713908333,165,36.16666667
2017,118,8.711738333,164,37.16666667
2017,119,8.250408333,154,36.16666667
2017,120,7.251908333,160,36.16666667
2017,121,7.802508333,162,35.16666667
2017,122,6.943908333,159,36.16666667
2017,123,8.635068333,163,43.16666667
2017,124,7.635908333,160,37.16666667
2017,125,7.527908333,163,35.16666667
2017,126,7.943108333,158,40.16666667
2017,127,7.516908333,164,37.16666667
2017,128,7.758608333,164.5,36.16666667
2017,129,7.163908333,164.5,35.16666667
2017,130,7.938208333,167.5,39.16666667
2017,131,7.041908333,168.5,36.16666667
2017,132,7.435908333,166.5,38.16666667
2017,133,7.764008333,165.5,37.16666667
2017,134,8.153408333,167.5,42.16666667
2017,135,8.511808333,166.5,42.16666667
2017,136,8.268408333,164.5,38.16666667
2017,137,8.045808333,163.5,40.16666667
2017,138,8.117708333,164.5,42.16666667
2017,139,8.332908333,163.5,40.16666667
2017,140,7.318908333,163.5,40.16666667
2017,141,7.476908333,162.5,40.16666667
2017,142,6.434908333,165.5,41.16666667
2017,143,6.861908333,165.5,39.16666667
2017,144,7.112908333,157.5,40.16666667
2017,145,8.619438333,163.5,43.16666667
2017,146,7.938208333,164.5,35.16666667
2017,147,6.969908333,164.5,36.16666667
2017,148,7.614908333,165.5,43.16666667
2017,149,7.148908333,164.5,38.16666667
2017,150,6.688908333,166.75,35.41666667
2017,151,7.512908333,169.75,32.41666667
2017,152,7.203908333,164.75,41.41666667
2017,153,6.832908333,169.75,39.41666667
2017,154,6.819908333,159.75,43.41666667
2017,155,7.738308333,164.75,36.41666667
2017,156,7.318908333,161.75,44.41666667
2017,157,6.807908333,161.75,43.41666667
2017,158,7.400908333,163.75,43.41666667
2017,159,7.270908333,163.75,41.41666667
2017,160,5.852908333,163.75,34.41666667
2017,161,7.506908333,164.75,34.41666667
2017,162,6.969908333,163.75,48.41666667
2017,163,7.242908333,162.75,42.41666667
2017,164,6.704908333,164.75,33.41666667
2017,165,6.770908333,171.75,35.41666667
2017,166,8.433608333,169.75,36.41666667
2017,167,7.242908333,171.75,34.41666667
2017,168,8.227208333,169.75,36.41666667
2017,169,6.951908333,168.75,43.41666667
2017,170,7.088908333,166.75,38.41666667
2017,171,7.165908333,166.75,39.41666667
2017,172,7.549908333,163.75,36.41666667
2017,173,7.150908333,164.75,41.41666667
2017,174,8.011308333,163.75,42.41666667
2017,175,7.350908333,163.75,50.41666667
2017,176,7.289908333,163.75,41.41666667
2017,177,7.809608333,163.75,42.41666667
2017,178,7.434908333,164.75,37.41666667
2017,179,7.934008333,164.75,38.41666667
2017,180,8.552008333,164.75,40.41666667
2017,181,8.329408333,167.75,41.41666667
2017,182,8.702658333,167.75,39.41666667
2017,183,7.857308333,165.75,39.41666667
2017,184,7.512908333,169.75,39.41666667
2017,185,7.067908333,170.75,36.41666667
2017,186,7.814908333,171.75,40.41666667
2017,187,7.326908333,171.75,39.41666667
2017,188,8.272908333,166.5,41.91666667
2017,189,8.087308333,159.5,48.91666667
2017,190,7.567908333,165.5,38.91666667
2017,191,7.952108333,167.5,34.91666667
2017,192,8.336808333,169.5,40.91666667
2017,193,8.336808333,169.5,41.91666667
2017,194,7.375908333,164.5,36.91666667
2017,195,8.298508333,164.5,37.91666667
2017,196,7.991108333,167.5,39.91666667
2017,197,7.375908333,169.5,41.91666667
2017,198,7.298908333,169.5,40.91666667
2017,199,7.913808333,169.5,40.91666667
2017,200,8.067808333,165.5,35.91666667
2017,201,8.006608333,166.5,42.91666667
2017,202,7.337908333,165.5,38.91666667
2017,203,7.607908333,163.5,40.91666667
2017,204,7.528908333,164.5,35.91666667
2017,205,8.205708333,164.5,36.91666667
2017,206,7.491908333,165.5,36.91666667
2017,207,7.029908333,166.5,41.91666667
2017,208,7.452908333,165.5,37.91666667
2017,209,7.452908333,164.5,37.91666667
2017,210,7.913808333,164.5,37.91666667
2017,211,7.722108333,166.5,39.91666667
2017,212,7.328908333,161.5,35.91666667
2017,213,6.731908333,162.5,36.91666667
2017,214,7.251908333,160,40.16666667
2017,215,8.084608333,170.5,36.91666667
2017,216,7.981408333,160,35.16666667
2017,217,6.810908333,167,38.16666667
2017,218,8.527508333,162,41.41666667
2017,219,6.078908333,161.5,45.91666667
2017,220,7.567908333,163.5,38.91666667
2017,221,7.368908333,164.5,41.91666667
2017,222,6.650908333,163,35.16666667
2017,223,8.052008333,160.75,35.66666667
2017,224,8.282708333,160.75,35.66666667
2017,225,7.783008333,158.75,37.66666667
2017,226,7.613908333,160.75,34.66666667
2017,227,7.533908333,161.75,31.66666667
2017,228,7.321908333,160.75,33.66666667
2017,229,8.240308333,161.75,33.66666667
2017,230,9.088308333,163.75,38.66666667
2017,231,9.610208333,163.75,39.66666667
2017,232,8.048008333,163.75,38.66666667
2017,233,8.200608333,163.75,37.66666667
2017,234,8.756798333,163.75,37.66666667
2017,235,8.793808333,163.75,37.66666667
2017,236,8.317008333,165.75,34.66666667
2017,237,8.645828333,166.75,34.66666667
2017,238,9.276608333,157.75,34.66666667
2017,239,8.206008333,162.75,37.66666667
2017,240,7.129908333,165.75,37.66666667
2017,241,9.276608333,163.75,38.66666667
2017,242,8.089008333,162.75,35.66666667
2017,243,8.682819333,162.75,38.66666667
2017,244,8.645828333,164.75,35.66666667
2017,245,8.628348333,164.75,35.66666667
2017,246,8.979408333,164.75,35.66666667
2017,247,8.013708333,164.75,34.66666667
2017,248,8.048008333,164.75,34.66666667
2017,249,9.054008333,159.75,32.66666667
2017,250,8.282708333,162.75,35.66666667
2017,251,7.527908333,163,35.16666667
2017,252,8.423208333,162.75,36.66666667
2017,253,8.359308333,161.75,33.66666667
2017,254,9.128008333,164.75,37.66666667
2017,255,8.590018333,164.75,36.66666667
2017,256,8.831408333,164.75,38.66666667
2017,257,8.513308333,168.75,37.66666667
2017,258,8.359308333,163.75,38.66666667
2017,259,8.534208333,162.75,35.66666667
2017,260,8.897308333,156.75,34.66666667
2017,261,8.888608333,156.75,33.66666667
2017,262,7.667908333,164.75,35.66666667
2017,263,7.930308333,165,39.41666667
2017,264,8.506608333,162,38.41666667
2017,265,8.603468333,157,38.41666667
2017,266,7.978708333,163,38.41666667
2017,267,8.616238333,162,37.41666667
2017,268,8.043908333,162,37.41666667
2017,269,8.726868333,167.5,36.91666667
2017,270,7.940708333,164.5,31.91666667
2017,271,7.692608333,165.5,38.91666667
2017,272,7.288908333,166.5,37.91666667
2017,273,7.319908333,166.5,37.91666667
2017,274,7.610908333,166.5,36.91666667
2017,275,7.293908333,165.75,36.91666667
2017,276,7.598908333,165.75,38.91666667
2017,277,7.200908333,164.75,35.91666667
2017,278,7.958008333,164.75,38.91666667
2017,279,7.075908333,163.75,36.91666667
2017,280,8.266708333,166.75,41.91666667
2017,281,7.228908333,164.75,39.91666667
2017,282,7.786508333,166.75,40.91666667
2017,283,7.688008333,169.5,33.91666667
2017,284,8.815508333,162.75,35.91666667
2017,285,7.613908333,161.75,35.91666667
2017,286,7.340908333,160,36.41666667
2017,287,9.148208333,162,39.41666667
2017,288,7.981408333,162,41.16666667
2017,289,7.186908333,164.75,36.91666667
2017,290,7.344908333,164.75,37.91666667
2017,291,7.921008333,162.75,37.91666667
2017,292,7.535908333,155.75,36.91666667
2017,293,7.882708333,155.75,36.91666667
2017,294,7.382908333,171.75,35.91666667
2017,295,6.698908333,168.75,35.91666667
2017,296,7.041908333,168.75,35.91666667
2017,297,8.190008333,170.75,35.91666667
2017,298,7.728708333,171.75,35.91666667
2017,299,8.018408333,172,36.41666667
2017,300,7.779608333,172,36.41666667
2017,301,8.275908333,163,41.41666667
2017,302,6.782908333,168,39.41666667
2017,303,8.098408333,170,40.41666667
2017,304,7.814608333,170,40.41666667
2017,305,6.392908333,170,39.41666667
2017,306,8.083608333,168,37.41666667
2017,307,8.496508333,166,36.41666667
2017,308,8.536208333,170,36.41666667
2017,309,8.045308333,168,38.41666667
2017,310,7.853608333,160,36.41666667
2017,311,8.481708333,160,34.41666667
2017,312,8.173708333,160,34.41666667
2017,313,8.595898333,170.5,36.91666667
2017,314,7.853608333,163,38.41666667
2017,315,8.006908333,169,38.41666667
2017,316,7.887908333,170,38.41666667
2017,317,7.545908333,160,36.41666667
2017,318,8.006908333,168,41.41666667
2017,319,8.698958333,158,37.41666667
2017,320,8.107808333,158,38.41666667
2017,321,8.737288333,168,37.41666667
2017,322,8.391608333,168,37.41666667
2017,323,7.622908333,154,40.41666667
2017,324,7.478908333,169.75,37.91666667
2017,325,6.513908333,168.75,41.91666667
2017,326,7.500908333,162,37.41666667
2017,327,8.045308333,168,42.41666667
2017,328,7.699608333,168,49.41666667
2017,329,8.558908333,165.5,36.91666667
2017,330,8.673908333,163.5,41.91666667
2017,331,8.115708333,162.5,39.91666667
2017,332,7.840708333,162.5,40.91666667
2017,333,6.891908333,164.25,38.16666667
2017,334,7.398908333,162.25,36.16666667
2017,335,7.657908333,164.25,35.16666667
2017,336,8.399908333,168.25,42.16666667
2017,337,5.903908333,170.25,45.16666667
2017,338,7.445908333,168.25,35.16666667
2017,339,7.670908333,167.25,34.16666667
2017,340,7.132908333,167.25,32.16666667
2017,341,7.964108333,167.25,35.16666667
2017,342,7.605908333,162.25,38.16666667
2017,343,8.482608333,166.25,37.16666667
2017,344,8.477908333,166.25,38.16666667
2017,345,8.824208333,166.25,40.16666667
2017,346,8.083808333,165.25,35.16666667
2017,347,8.960708333,165.25,37.16666667
2017,348,7.644908333,165.25,36.16666667
2017,349,6.609908333,165.25,35.16666667
2017,350,7.485908333,167.25,36.16666667
2017,351,8.018508333,166.25,40.16666667
2017,352,6.913908333,166.25,39.16666667
2017,353,7.127908333,166.25,33.16666667
2017,354,8.044108333,162.25,34.16666667
2017,355,9.382008333,161.75,40.16666667
2017,356,8.480208333,162.75,37.16666667
2017,357,9.133208333,159.75,38.16666667
2017,358,8.560208333,159.75,36.16666667
2017,359,8.042408333,164.75,36.16666667
2017,360,8.296608333,162.75,38.16666667
2017,361,7.758608333,168.75,33.16666667
2017,362,7.643908333,168.75,35.16666667
2017,363,8.105008333,163.75,38.16666667
2017,364,8.489008333,159.75,37.16666667
2017,365,9.027008333,164.75,37.16666667
2017,366,8.489008333,164.75,38.16666667
2017,367,8.460008333,164.75,36.16666667
2017,368,9.027008333,165.75,32.16666667
2017,369,6.938908333,167.75,37.16666667
2017,370,9.488308333,161.75,35.16666667
2017,371,8.258308333,163.75,37.16666667
2017,372,8.181608333,167.75,37.16666667
2017,373,7.908608333,167.75,34.16666667
2017,374,7.105908333,166.75,36.16666667
2017,375,7.105908333,169.75,38.16666667
2017,376,7.989308333,165.75,34.16666667
2017,377,7.489908333,165.75,36.16666667
2017,378,7.803008333,165.75,35.16666667
2017,379,8.223308333,165.75,37.16666667
2017,380,7.643908333,162.75,38.16666667
2017,381,8.117708333,159.75,40.16666667
2017,382,7.444908333,165.75,39.16666667
2017,383,8.082108333,164.75,39.16666667
2017,384,7.763308333,165.75,43.16666667
2017,385,8.002108333,166.75,43.16666667
2017,386,7.364908333,168.75,36.16666667
2017,387,7.220908333,160.75,32.16666667
2017,388,7.105908333,165.75,34.16666667
2017,389,7.758608333,165.75,36.16666667
2017,390,8.027608333,165.75,36.16666667
2017,391,7.908608333,161.75,38.16666667
2017,392,8.374008333,165.75,38.16666667
2017,393,8.348408333,165.75,38.16666667
2017,394,8.105008333,164.75,37.16666667
2017,395,8.417808333,163,37.66666667
2017,396,7.445908333,163,32.66666667
2017,397,7.850908333,165,39.66666667
2017,398,7.900008333,169,37.66666667
2017,399,6.599908333,169,35.66666667
2017,400,7.330908333,154,37.66666667
2017,401,7.022908333,166,37.66666667
2017,402,6.638908333,168,35.66666667
2017,403,7.368908333,168,36.66666667
2017,404,7.715108333,169,35.66666667
2017,405,8.867708333,167,34.66666667
2017,406,8.507308333,166,37.66666667
2017,407,7.676108333,168,37.66666667
2017,408,8.138808333,166,40.66666667
2017,409,7.900008333,168,33.66666667
2017,410,7.637908333,163,36.66666667
2017,411,8.019108333,168,35.66666667
2017,412,6.868908333,165,34.66666667
2017,413,6.837908333,165,36.66666667
2017,414,7.599908333,165,36.66666667
2017,415,8.175708333,163,35.66666667
2017,416,8.766878333,164,38.66666667
2017,417,7.134908333,162,30.66666667
2017,418,7.393908333,162,35.66666667
2017,419,7.282908333,162,35.66666667
2017,420,7.764808333,163,34.66666667
2017,421,7.022908333,163,35.66666667
2017,422,6.556908333,163,35.66666667
2017,423,6.305908333,165,34.66666667
2017,424,6.800908333,163,36.66666667
2017,425,6.556908333,165,37.66666667
2017,426,6.735908333,163,36.66666667
2017,427,7.417908333,163,36.66666667
2017,428,6.305908333,163,35.66666667
2017,429,8.099108333,165,40.66666667
2017,430,7.868408333,165,38.66666667
2017,431,8.522108333,164,37.66666667
2017,432,8.173108333,169.25,36.41666667
2017,433,7.544908333,159.25,34.41666667
2017,434,7.966608333,170.25,38.41666667
2017,435,7.312908333,165.25,36.41666667
2017,436,7.389908333,165.25,36.41666667
2017,437,7.043908333,165.25,42.41666667
2017,438,6.169908333,164.25,42.41666667
2017,439,8.321708333,166.25,41.41666667
2017,440,6.651908333,165.25,33.41666667
2017,441,7.850908333,162.25,35.41666667
2017,442,8.136108333,163.25,32.41666667
2017,443,6.428908333,167.25,30.41666667
2017,444,6.582908333,168.25,30.41666667
2017,445,8.235608333,165.25,36.41666667
2017,446,6.659908333,165.25,43.41666667
2017,447,7.812608333,165.25,40.41666667
2017,448,8.222808333,165.25,35.41666667
2017,449,8.235608333,163.25,33.41666667
2017,450,9.218808333,170.25,37.41666667
2017,451,8.158308333,158.25,37.41666667
2017,452,8.235608333,160.25,36.41666667
2017,453,9.195908333,162.25,40.41666667
2017,454,8.341908333,168.25,40.41666667
2017,455,8.197308333,165.25,35.41666667
2017,456,8.935008333,164,37.41666667
2018,1,10.18440417,153.3958333,109.5504167
2018,2,11.45050417,152.3958333,106.3754167
2018,3,7.410804167,154.3958333,123.5204167
2018,4,10.26610417,155.3958333,115.9004167
2018,5,8.445804167,154.3958333,126.0604167
2018,6,8.704804167,149.8958333,103.8354167
2018,7,8.776804167,153.8958333,113.9954167
2018,8,9.903304167,151.8958333,96.22041667
2018,9,9.278804167,149.8958333,113.9954167
2018,10,8.812804167,149.8958333,106.3754167
2018,11,10.12590417,150.8958333,111.4554167
2018,12,9.881104167,151.8958333,106.3754167
2018,13,8.975804167,150.8958333,111.4554167
2018,14,10.01490417,151.8958333,116.5354167
2018,15,9.041804167,154.3958333,113.3604167
2018,16,10.99710417,151.3958333,108.2804167
2018,17,11.24790417,151.3958333,108.2804167
2018,18,11.21230417,152.3958333,105.7404167
2018,19,10.71130417,154.3958333,100.6604167
2018,20,11.00850417,152.3958333,113.3604167
2018,21,11.28420417,150.3958333,110.8204167
2018,22,10.00650417,150.3958333,105.7404167
2018,23,10.71130417,150.3958333,100.6604167
2018,24,10.45907917,155.3958333,118.4404167
2018,25,9.598304167,150.3958333,103.2004167
2018,26,11.15650417,155.3958333,105.7404167
2018,27,11.78580417,150.3958333,108.2804167
2018,28,10.67430417,150.3958333,115.9004167
2018,29,10.85990417,150.3958333,120.9804167
2018,30,11.49080417,150.3958333,113.3604167
2018,31,11.21230417,150.3958333,108.2804167
2018,32,10.78190417,151.3958333,118.4404167
2018,33,10.04950417,151.3958333,115.9004167
2018,34,11.05830417,151.3958333,110.8204167
2018,35,10.48194417,153.3958333,115.9004167
2018,36,10.45168417,152.3958333,118.4404167
2018,37,9.867304167,154.3958333,118.4404167
2018,38,9.635304167,151.3958333,103.2004167
2018,39,9.932504167,155.3958333,105.7404167
2018,40,8.975804167,150.8958333,116.5354167
2018,41,9.419804167,153.8958333,121.6154167
2018,42,7.536804167,153.8958333,119.0754167
2018,43,9.073804167,154.8958333,119.0754167
2018,44,11.46210417,151.3958333,104.4704167
2018,45,11.67780417,153.3958333,107.0104167
2018,46,9.981304167,149.3958333,89.23041667
2018,47,11.79380417,149.3958333,107.0104167
2018,48,11.67780417,152.3958333,99.39041667
2018,49,10.95300417,154.3958333,112.0904167
2018,50,10.56365417,153.3958333,104.4704167
2018,51,10.71770417,151.3958333,101.9304167
2018,52,10.21800417,153.3958333,109.5504167
2018,53,10.83260417,152.3958333,112.0904167
2018,54,11.65580417,150.3958333,109.5504167
2018,55,10.19260417,151.1458333,100.6604167
2018,56,9.681504167,154.1458333,100.6604167
2018,57,10.41183417,151.1458333,103.2004167
2018,58,10.33450417,153.1458333,126.0604167
2018,59,8.374804167,150.1458333,108.2804167
2018,60,10.24770417,150.1458333,98.12041667
2018,61,9.562504167,154.1458333,98.12041667
2018,62,8.874804167,153.1458333,103.2004167
2018,63,11.16520417,152.8958333,106.3754167
2018,64,9.809304167,152.1458333,98.12041667
2018,65,9.898904167,153.8958333,101.3004167
2018,66,9.632604167,150.8958333,113.9954167
2018,67,9.076804167,152.8958333,113.9954167
2018,68,9.667504167,151.8958333,101.3004167
2018,69,10.46950317,150.3958333,101.9304167
2018,70,9.276804167,152.3958333,107.0104167
2018,71,11.15950417,155.3958333,109.5504167
2018,72,10.49220417,153.1458333,111.4554167
2018,73,9.492904167,154.1458333,101.3004167
2018,74,9.792304167,151.8958333,113.9954167
2018,75,9.601304167,152.8958333,103.8354167
2018,76,10.75600417,154.3958333,109.5504167
2018,77,9.681504167,160.1458333,113.3604167
2018,78,9.910304167,152.8958333,96.22041667
2018,79,10.07780417,150.8958333,106.3754167
2018,80,10.68770417,149.8958333,101.3004167
2018,81,8.278804167,150.8958333,103.8354167
2018,82,10.39586417,151.8958333,103.8354167
2018,83,8.873804167,152.8958333,96.22041667
2018,84,11.37170417,153.8958333,103.8354167
2018,85,12.10180417,150.8958333,106.3754167
2018,86,10.10330417,149.8958333,111.4554167
2018,87,10.10330417,149.8958333,96.22041667
2018,88,10.41183417,150.1458333,93.04041667
2018,89,10.44293417,152.8958333,96.22041667
2018,90,10.55171417,152.8958333,107.6454167
2018,91,10.18120417,151.1458333,100.6604167
2018,92,10.89800417,153.8958333,102.5704167
2018,93,11.92480417,153.1458333,108.9154167
2018,94,10.36000417,149.8958333,102.5704167
2018,95,9.681504167,153.1458333,93.04041667
2018,96,10.36000417,151.8958333,120.3454167
2018,97,10.93300417,152.8958333,120.3454167
2018,98,10.28270417,151.8958333,115.2654167
2018,99,11.51280417,153.8958333,110.1854167
2018,100,9.898704167,149.8958333,94.95041667
2018,101,9.783004167,150.8958333,100.0304167
2018,102,10.28270417,151.8958333,105.1054167
2018,103,10.37821417,150.1458333,105.7404167
2018,104,9.666004167,153.1458333,110.8204167
2018,105,10.89330417,152.8958333,105.1054167
2018,106,11.37150417,153.8958333,115.2654167
2018,107,11.26120417,153.8958333,110.1854167
2018,108,9.854304167,153.8958333,105.1054167
2018,109,9.738004167,151.8958333,94.95041667
2018,110,10.20600417,153.8958333,105.1054167
2018,111,11.20540417,148.8958333,100.0304167
2018,112,7.630804167,151.8958333,115.2654167
2018,113,10.42242417,153.8958333,108.9154167
2018,114,9.888504167,153.8958333,121.6154167
2018,115,10.79040417,153.8958333,102.5704167
2018,116,11.80180417,146.8958333,100.0304167
2018,117,9.398804167,150.8958333,102.5704167
2018,118,10.32840417,151.8958333,102.5704167
2018,119,9.062804167,146.8958333,100.0304167
2018,120,10.67680417,148.8958333,97.49041667
2018,121,10.54230417,150.8958333,100.0304167
2018,122,10.64320417,149.8958333,102.5704167
2018,123,10.00430417,152.8958333,115.2654167
2018,124,10.44142417,149.8958333,97.49041667
2018,125,10.03460417,150.8958333,94.95041667
2018,126,10.82070417,149.8958333,117.8054167
2018,127,10.81730417,150.8958333,100.0304167
2018,128,8.852804167,153.8958333,98.76041667
2018,129,9.353804167,153.8958333,96.22041667
2018,130,10.15210417,153.8958333,111.4554167
2018,131,9.457804167,153.8958333,101.3004167
2018,132,9.978604167,153.8958333,108.9154167
2018,133,9.493004167,153.8958333,98.76041667
2018,134,9.659804167,154.8958333,116.5354167
2018,135,10.22130417,154.8958333,116.5354167
2018,136,9.693404167,150.8958333,103.8354167
2018,137,11.03640417,151.8958333,113.9954167
2018,138,10.49842417,152.8958333,119.0754167
2018,139,11.34110417,150.8958333,113.9954167
2018,140,9.631604167,151.8958333,126.7004167
2018,141,9.214804167,149.8958333,121.6154167
2018,142,9.861604167,152.8958333,111.4554167
2018,143,9.978604167,152.8958333,106.3754167
2018,144,9.054804167,148.8958333,111.4554167
2018,145,9.816504167,150.8958333,116.5354167
2018,146,9.962404167,152.8958333,91.14041667
2018,147,10.95030417,152.8958333,101.3004167
2018,148,9.422804167,153.8958333,129.2404167
2018,149,11.57480417,150.8958333,111.4554167
2018,150,9.299804167,154.6458333,103.8354167
2018,151,11.08940417,154.6458333,96.22041667
2018,152,10.88760417,150.6458333,111.4554167
2018,153,9.219804167,154.6458333,108.9154167
2018,154,8.358804167,149.6458333,121.6154167
2018,155,10.21040417,150.6458333,98.76041667
2018,156,10.39603417,150.6458333,108.9154167
2018,157,8.824804167,151.6458333,113.9954167
2018,158,9.950804167,151.6458333,113.9954167
2018,159,9.505604167,151.6458333,119.0754167
2018,160,9.691204167,150.6458333,91.14041667
2018,161,10.54667417,152.6458333,98.76041667
2018,162,9.004804167,150.6458333,139.4004167
2018,163,9.039804167,150.6458333,111.4554167
2018,164,10.76190417,151.6458333,91.14041667
2018,165,8.169804167,153.6458333,96.22041667
2018,166,10.36778417,154.6458333,103.8354167
2018,167,9.958904167,154.6458333,98.76041667
2018,168,9.399804167,154.6458333,96.22041667
2018,169,9.255804167,154.6458333,129.2404167
2018,170,10.15260417,153.6458333,111.4554167
2018,171,10.22390417,153.6458333,106.3754167
2018,172,9.208804167,151.6458333,106.3754167
2018,173,9.282804167,153.6458333,119.0754167
2018,174,10.43302417,151.6458333,113.9954167
2018,175,7.353804167,151.6458333,129.2404167
2018,176,9.913804167,151.6458333,111.4554167
2018,177,8.573804167,152.6458333,108.9154167
2018,178,10.32210417,153.6458333,106.3754167
2018,179,9.757804167,152.6458333,111.4554167
2018,180,8.985804167,151.6458333,101.3004167
2018,181,9.255804167,153.6458333,111.4554167
2018,182,9.829804167,153.6458333,106.3754167
2018,183,9.578304167,152.6458333,116.5354167
2018,184,10.61860417,153.6458333,116.5354167
2018,185,8.035804167,154.6458333,106.3754167
2018,186,9.901104167,162.6458333,116.5354167
2018,187,10.09950417,161.6458333,113.9954167
2018,188,11.32610417,154.1458333,124.1604167
2018,189,7.405804167,150.1458333,136.8604167
2018,190,10.50968417,152.1458333,116.5354167
2018,191,10.77670417,154.1458333,101.3004167
2018,192,8.978804167,154.1458333,113.9954167
2018,193,8.947804167,155.1458333,111.4554167
2018,194,10.34630417,152.1458333,108.9154167
2018,195,11.10350417,153.1458333,111.4554167
2018,196,10.29780417,153.1458333,116.5354167
2018,197,9.707404167,154.1458333,113.9954167
2018,198,10.36110417,155.1458333,113.9954167
2018,199,9.915904167,155.1458333,111.4554167
2018,200,11.56780417,151.1458333,103.8354167
2018,201,9.449804167,154.1458333,126.7004167
2018,202,9.882204167,151.1458333,113.9954167
2018,203,10.07520417,150.1458333,108.9154167
2018,204,10.71280417,152.1458333,111.4554167
2018,205,10.49220417,152.1458333,108.9154167
2018,206,10.56890417,152.1458333,106.3754167
2018,207,10.06990417,154.1458333,119.0754167
2018,208,9.685204167,152.1458333,106.3754167
2018,209,9.839204167,151.1458333,101.3004167
2018,210,9.915904167,152.1458333,103.8354167
2018,211,9.031804167,154.1458333,106.3754167
2018,212,10.14650417,150.1458333,106.3754167
2018,213,10.14650417,151.1458333,103.8354167
2018,214,11.01300417,149.8958333,110.1854167
2018,215,9.544604167,155.1458333,101.3004167
2018,216,10.91220417,149.8958333,100.0304167
2018,217,10.42326417,156.8958333,112.7254167
2018,218,10.85670417,150.3958333,108.9154167
2018,219,7.117804167,151.1458333,124.1604167
2018,220,9.136804167,152.1458333,108.9154167
2018,221,8.455804167,153.1458333,111.4554167
2018,222,10.80460417,149.8958333,102.5704167
2018,223,11.27480417,148.8958333,100.6604167
2018,224,9.683704167,148.8958333,98.12041667
2018,225,10.37232417,148.8958333,105.7404167
2018,226,10.67700417,149.8958333,100.6604167
2018,227,10.78460417,149.8958333,100.6604167
2018,228,11.17060417,149.8958333,95.58041667
2018,229,11.46580417,150.8958333,100.6604167
2018,230,10.85850417,150.8958333,105.7404167
2018,231,12.15780417,151.8958333,105.7404167
2018,232,11.78080417,151.8958333,105.7404167
2018,233,11.57380417,151.8958333,100.6604167
2018,234,10.99980417,151.8958333,108.2804167
2018,235,11.27480417,151.8958333,108.2804167
2018,236,10.26000417,153.8958333,98.12041667
2018,237,11.06630417,153.8958333,95.58041667
2018,238,9.887404167,148.8958333,98.12041667
2018,239,11.41000417,149.8958333,103.2004167
2018,240,11.35820417,152.8958333,105.7404167
2018,241,10.78460417,149.8958333,110.8204167
2018,242,10.92780417,149.8958333,103.2004167
2018,243,11.53780417,149.8958333,105.7404167
2018,244,10.92780417,150.8958333,98.12041667
2018,245,10.35150417,152.8958333,93.04041667
2018,246,11.59580417,152.8958333,95.58041667
2018,247,12.08080417,150.8958333,100.6604167
2018,248,11.15040417,152.8958333,95.58041667
2018,249,11.10740417,148.8958333,98.12041667
2018,250,11.29900417,152.8958333,103.2004167
2018,251,11.01300417,150.8958333,94.95041667
2018,252,10.96340417,149.8958333,103.2004167
2018,253,9.257804167,151.8958333,93.04041667
2018,254,11.23510417,152.8958333,105.7404167
2018,255,9.257804167,149.8958333,98.12041667
2018,256,9.925804167,152.8958333,105.7404167
2018,257,9.708604167,153.8958333,103.2004167
2018,258,11.38910417,151.8958333,113.3604167
2018,259,9.170804167,149.8958333,93.04041667
2018,260,11.34410417,146.8958333,100.6604167
2018,261,10.71260417,147.8958333,90.50041667
2018,262,9.683704167,150.8958333,93.04041667
2018,263,9.811004167,151.3958333,101.3004167
2018,264,10.85000417,149.3958333,106.3754167
2018,265,10.91720417,148.3958333,101.3004167
2018,266,10.85000417,151.3958333,108.9154167
2018,267,10.39132417,149.3958333,111.4554167
2018,268,9.811004167,150.3958333,103.8354167
2018,269,9.608504167,153.1458333,98.76041667
2018,270,11.52980417,153.1458333,98.76041667
2018,271,9.413804167,152.1458333,108.9154167
2018,272,10.91790417,154.1458333,111.4554167
2018,273,10.41822417,154.1458333,108.9154167
2018,274,9.730304167,153.1458333,108.9154167
2018,275,9.875004167,152.3958333,104.4704167
2018,276,10.37199417,153.3958333,112.0904167
2018,277,10.65380417,153.3958333,109.5504167
2018,278,10.99000417,153.3958333,104.4704167
2018,279,10.60870417,151.3958333,109.5504167
2018,280,10.01620417,152.3958333,112.0904167
2018,281,10.25160417,152.3958333,112.0904167
2018,282,10.22670417,154.3958333,119.7104167
2018,283,11.21230417,153.3958333,100.6604167
2018,284,10.55894417,151.3958333,101.9304167
2018,285,11.12250417,150.3958333,101.9304167
2018,286,9.915204167,148.3958333,98.76041667
2018,287,9.811004167,150.3958333,106.3754167
2018,288,11.43600417,150.8958333,112.7254167
2018,289,11.02500417,151.3958333,109.5504167
2018,290,11.15950417,151.3958333,109.5504167
2018,291,10.43520417,151.3958333,107.0104167
2018,292,10.88640417,149.3958333,101.9304167
2018,293,10.29600417,149.3958333,101.9304167
2018,294,10.88640417,160.3958333,99.39041667
2018,295,9.713604167,155.3958333,101.9304167
2018,296,10.15070417,160.3958333,101.9304167
2018,297,9.747204167,160.3958333,101.9304167
2018,298,10.04990417,158.3958333,99.39041667
2018,299,11.16470417,159.3958333,103.8354167
2018,300,10.57420417,159.3958333,101.3004167
2018,301,9.845304167,150.3958333,113.9954167
2018,302,10.14380417,153.3958333,116.5354167
2018,303,9.880204167,153.3958333,111.4554167
2018,304,10.50497417,154.3958333,113.9954167
2018,305,8.595804167,152.3958333,116.5354167
2018,306,9.921904167,152.3958333,106.3754167
2018,307,11.00530417,152.3958333,101.3004167
2018,308,9.818404167,159.3958333,103.8354167
2018,309,10.30460417,153.3958333,103.8354167
2018,310,9.437804167,149.3958333,96.22041667
2018,311,10.43705417,149.3958333,98.76041667
2018,312,10.78270417,149.3958333,96.22041667
2018,313,9.894804167,155.3958333,103.2004167
2018,314,10.56012417,149.3958333,103.8354167
2018,315,9.880204167,153.3958333,108.9154167
2018,316,10.78270417,153.3958333,111.4554167
2018,317,9.335804167,151.3958333,96.22041667
2018,318,9.780704167,153.3958333,116.5354167
2018,319,10.71080417,149.3958333,101.3004167
2018,320,10.67510417,149.3958333,98.76041667
2018,321,11.33950417,153.3958333,103.8354167
2018,322,10.56750417,154.3958333,98.76041667
2018,323,8.738804167,149.3958333,111.4554167
2018,324,9.150804167,154.3958333,101.9304167
2018,325,10.19180417,154.3958333,122.2504167
2018,326,10.05240417,148.3958333,106.3754167
2018,327,11.51280417,154.3958333,119.0754167
2018,328,8.444804167,153.3958333,131.7804167
2018,329,11.98080417,152.3958333,100.6604167
2018,330,10.46580417,152.3958333,113.3604167
2018,331,10.49472417,151.3958333,105.7404167
2018,332,10.53103417,151.3958333,108.2804167
2018,333,10.15560417,152.1458333,103.2004167
2018,334,9.636404167,150.1458333,98.12041667
2018,335,11.29550417,151.1458333,95.58041667
2018,336,9.832804167,153.1458333,118.4404167
2018,337,6.808804167,154.1458333,133.6804167
2018,338,10.29150417,154.1458333,98.12041667
2018,339,10.19060417,153.1458333,98.12041667
2018,340,10.80460417,152.1458333,90.50041667
2018,341,11.01300417,154.1458333,100.6604167
2018,342,10.14480417,150.1458333,105.7404167
2018,343,9.555104167,153.1458333,108.2804167
2018,344,8.340804167,153.1458333,108.2804167
2018,345,9.277804167,153.1458333,105.7404167
2018,346,10.80460417,151.1458333,100.6604167
2018,347,10.24910417,153.1458333,95.58041667
2018,348,9.624304167,153.1458333,105.7404167
2018,349,9.867104167,152.1458333,100.6604167
2018,350,10.04060417,152.1458333,105.7404167
2018,351,10.56180417,154.1458333,120.9804167
2018,352,9.693604167,154.1458333,113.3604167
2018,353,10.19060417,153.1458333,105.7404167
2018,354,10.17980417,149.1458333,100.6604167
2018,355,10.57410417,150.1458333,119.7104167
2018,356,9.403804167,150.1458333,109.5504167
2018,357,11.06030417,150.1458333,124.7904167
2018,358,11.20620417,150.1458333,109.5504167
2018,359,10.60900417,152.1458333,104.4704167
2018,360,10.43688417,150.1458333,112.0904167
2018,361,9.557904167,154.1458333,91.77041667
2018,362,11.74680417,153.1458333,107.0104167
2018,363,10.20890417,151.1458333,104.4704167
2018,364,10.00310417,149.1458333,101.9304167
2018,365,10.31650417,152.1458333,107.0104167
2018,366,10.22570417,152.1458333,109.5504167
2018,367,10.28020417,150.1458333,104.4704167
2018,368,9.778504167,151.1458333,104.4704167
2018,369,9.475904167,154.1458333,101.9304167
2018,370,10.04080417,150.1458333,101.9304167
2018,371,9.966104167,151.1458333,104.4704167
2018,372,10.38779417,154.1458333,109.5504167
2018,373,11.11680417,153.1458333,101.9304167
2018,374,10.30040417,153.1458333,104.4704167
2018,375,8.860804167,154.1458333,99.39041667
2018,376,9.783204167,152.1458333,94.31041667
2018,377,10.59020417,154.1458333,104.4704167
2018,378,10.12950417,154.1458333,107.0104167
2018,379,10.01390417,153.1458333,99.39041667
2018,380,9.224804167,150.1458333,107.0104167
2018,381,8.630804167,150.1458333,112.0904167
2018,382,9.053804167,152.1458333,109.5504167
2018,383,10.39855417,152.1458333,107.0104167
2018,384,8.284804167,152.1458333,119.7104167
2018,385,9.706504167,153.1458333,114.6304167
2018,386,10.94190417,154.1458333,104.4704167
2018,387,10.11480417,150.1458333,94.31041667
2018,388,9.706504167,153.1458333,104.4704167
2018,389,9.282804167,152.1458333,107.0104167
2018,390,9.510804167,152.1458333,107.0104167
2018,391,10.45638917,150.1458333,114.6304167
2018,392,9.605704167,152.1458333,107.0104167
2018,393,10.54717417,153.1458333,109.5504167
2018,394,10.32590417,153.1458333,109.5504167
2018,395,9.989004167,152.1458333,103.8354167
2018,396,11.37910417,151.1458333,103.8354167
2018,397,10.54381417,153.1458333,111.4554167
2018,398,8.411804167,154.1458333,103.8354167
2018,399,10.51086417,153.1458333,91.14041667
2018,400,10.34270417,147.1458333,106.3754167
2018,401,10.37770417,152.1458333,111.4554167
2018,402,9.404804167,154.1458333,101.3004167
2018,403,9.711904167,154.1458333,108.9154167
2018,404,10.09320417,154.1458333,101.3004167
2018,405,11.23650417,152.1458333,106.3754167
2018,406,10.89820417,152.1458333,103.8354167
2018,407,9.588904167,154.1458333,101.3004167
2018,408,10.58550417,153.1458333,113.9954167
2018,409,9.859904167,153.1458333,93.68041667
2018,410,9.728704167,150.1458333,101.3004167
2018,411,11.03270417,154.1458333,106.3754167
2018,412,10.59630417,152.1458333,98.76041667
2018,413,10.22570417,151.1458333,113.9954167
2018,414,10.63330417,151.1458333,108.9154167
2018,415,10.89350417,150.1458333,108.9154167
2018,416,10.59630417,151.1458333,103.8354167
2018,417,11.04410417,150.1458333,86.06041667
2018,418,9.968104167,149.1458333,103.8354167
2018,419,10.62180417,149.1458333,96.22041667
2018,420,10.96750417,153.1458333,103.8354167
2018,421,11.88980417,152.1458333,103.8354167
2018,422,10.89080417,151.1458333,101.3004167
2018,423,11.23650417,151.1458333,103.8354167
2018,424,10.58350417,151.1458333,103.8354167
2018,425,10.39115417,153.1458333,101.3004167
2018,426,9.507504167,151.1458333,98.76041667
2018,427,10.92920417,152.1458333,113.9954167
2018,428,9.891504167,152.1458333,108.9154167
2018,429,10.16050417,152.1458333,113.9954167
2018,430,10.62180417,153.1458333,119.0754167
2018,431,10.46782117,152.1458333,103.8354167
2018,432,10.68030417,153.8958333,111.4554167
2018,433,8.797804167,149.8958333,91.14041667
2018,434,9.366804167,154.8958333,113.9954167
2018,435,9.642704167,152.8958333,98.76041667
2018,436,9.069804167,152.8958333,98.76041667
2018,437,8.719804167,149.8958333,113.9954167
2018,438,8.450804167,150.8958333,113.9954167
2018,439,10.04210417,151.8958333,108.9154167
2018,440,10.14970417,152.8958333,98.76041667
2018,441,9.701804167,149.8958333,98.76041667
2018,442,10.61580417,150.8958333,93.68041667
2018,443,9.494004167,153.8958333,88.60041667
2018,444,8.729804167,153.8958333,88.60041667
2018,445,8.985804167,152.8958333,98.76041667
2018,446,8.764804167,152.8958333,124.1604167
2018,447,9.315804167,150.8958333,108.9154167
2018,448,10.22170417,150.8958333,98.76041667
2018,449,9.719304167,151.8958333,101.3004167
2018,450,9.007804167,154.8958333,103.8354167
2018,451,8.521804167,148.8958333,98.76041667
2018,452,9.250804167,149.8958333,93.68041667
2018,453,10.01460417,148.8958333,103.8354167
2018,454,9.494004167,151.8958333,111.4554167
2018,455,10.25730417,151.8958333,101.3004167
2018,456,9.591704167,152.3958333,101.3004167
2019,1,9.4549375,166.2291667,81.86208333
2019,2,11.5515375,164.4791667,84.40208333
2019,3,8.3689375,164.2291667,86.94208333
2019,4,9.1659375,167.2291667,79.32208333
2019,5,8.8629375,165.2291667,92.02208333
2019,6,9.6469375,162.7291667,85.03208333
2019,7,9.5929375,165.7291667,85.03208333
2019,8,10.4651375,162.7291667,77.41208333
2019,9,9.8829375,161.7291667,90.11708333
2019,10,8.4669375,158.7291667,90.11708333
2019,11,10.5034375,160.7291667,90.11708333
2019,12,8.9449375,162.7291667,85.03208333
2019,13,9.6619375,162.7291667,90.11708333
2019,14,10.4207375,162.7291667,95.19708333
2019,15,12.7369375,165.2291667,94.56208333
2019,16,12.2539375,162.2291667,86.94208333
2019,17,13.0519375,160.2291667,92.02208333
2019,18,12.0909375,160.2291667,79.32208333
2019,19,11.9160375,162.2291667,79.32208333
2019,20,11.1305875,163.2291667,86.94208333
2019,21,9.8049375,159.2291667,89.48208333
2019,22,10.6309375,160.2291667,89.48208333
2019,23,9.8239375,160.2291667,84.40208333
2019,24,9.5459375,164.2291667,86.94208333
2019,25,9.5089375,163.2291667,81.86208333
2019,26,8.7289375,165.2291667,76.78208333
2019,27,9.5169375,160.2291667,84.40208333
2019,28,9.9669375,160.2291667,97.10208333
2019,29,9.6569375,160.2291667,94.56208333
2019,30,10.3249375,160.2291667,92.02208333
2019,31,10.7459375,161.2291667,94.56208333
2019,32,11.2153375,162.2291667,89.48208333
2019,33,11.9759375,163.2291667,92.02208333
2019,34,11.1191475,162.2291667,92.02208333
2019,35,10.2025375,163.2291667,86.94208333
2019,36,9.6699375,164.2291667,89.48208333
2019,37,9.3629375,164.2291667,97.10208333
2019,38,8.3689375,163.2291667,81.86208333
2019,39,9.4849375,166.2291667,76.78208333
2019,40,9.5929375,161.7291667,95.19708333
2019,41,9.0449375,162.7291667,87.57708333
2019,42,9.7339375,163.7291667,95.19708333
2019,43,10.7664375,165.7291667,90.11708333
2019,44,10.2509375,166.2291667,74.24208333
2019,45,9.5289375,166.2291667,71.70208333
2019,46,8.3039375,160.2291667,64.08208333
2019,47,7.9829375,162.2291667,66.62208333
2019,48,9.4819375,163.2291667,69.16208333
2019,49,10.7876375,164.2291667,81.86208333
2019,50,9.9049375,165.2291667,84.40208333
2019,51,9.4439375,166.2291667,74.24208333
2019,52,11.0196175,165.2291667,84.40208333
2019,53,10.3276375,164.2291667,81.86208333
2019,54,9.1579375,163.2291667,79.32208333
2019,55,7.9809375,162.9791667,72.33208333
2019,56,7.6479375,162.9791667,74.87208333
2019,57,8.4939375,162.9791667,72.33208333
2019,58,9.3169375,162.9791667,85.03208333
2019,59,8.6479375,162.9791667,79.95208333
2019,60,7.4239375,162.9791667,72.33208333
2019,61,7.9559375,165.9791667,67.25208333
2019,62,7.3869375,165.9791667,82.49208333
2019,63,11.5922375,162.9791667,82.49208333
2019,64,8.0549375,162.9791667,72.33208333
2019,65,10.8861375,164.9791667,79.95208333
2019,66,9.8789375,162.9791667,85.03208333
2019,67,11.7153375,164.9791667,87.57708333
2019,68,9.7989375,160.9791667,79.95208333
2019,69,9.3059375,163.2291667,76.78208333
2019,70,9.7899375,161.2291667,84.40208333
2019,71,8.7139375,165.2291667,64.08208333
2019,72,8.7759375,162.4791667,79.32208333
2019,73,9.9519375,165.4791667,74.24208333
2019,74,11.4981375,161.7291667,92.65708333
2019,75,10.5862375,164.7291667,82.49208333
2019,76,10.8669375,167.2291667,76.78208333
2019,77,9.6849375,167.9791667,82.49208333
2019,78,9.7189375,161.9791667,72.33208333
2019,79,11.1141075,161.9791667,82.49208333
2019,80,10.0784375,161.9791667,72.33208333
2019,81,9.0819375,162.9791667,77.41208333
2019,82,12.4999375,162.9791667,82.49208333
2019,83,7.8879375,163.9791667,72.33208333
2019,84,9.6639375,163.9791667,79.95208333
2019,85,10.0229375,165.9791667,69.79208333
2019,86,9.3469375,162.9791667,72.33208333
2019,87,9.8669375,162.9791667,67.25208333
2019,88,7.8409375,160.9791667,69.79208333
2019,89,10.2835375,162.9791667,72.33208333
2019,90,10.2708375,162.9791667,79.95208333
2019,91,9.1679375,162.9791667,74.87208333
2019,92,11.9897375,162.9791667,87.57708333
2019,93,9.7319375,163.4791667,69.16208333
2019,94,9.1899375,157.9791667,72.33208333
2019,95,8.9829375,162.9791667,74.87208333
2019,96,11.1470575,162.9791667,92.65708333
2019,97,11.4900375,162.9791667,95.19708333
2019,98,10.7704375,162.9791667,90.11708333
2019,99,10.8014375,166.9791667,85.03208333
2019,100,11.1194875,157.9791667,79.95208333
2019,101,11.0320675,157.9791667,85.03208333
2019,102,10.5707375,158.9791667,82.49208333
2019,103,8.4629375,162.9791667,77.41208333
2019,104,8.6489375,165.9791667,85.03208333
2019,105,8.0339375,163.9791667,69.79208333
2019,106,7.9959375,161.9791667,69.79208333
2019,107,8.4189375,166.9791667,74.87208333
2019,108,8.4109375,162.9791667,79.95208333
2019,109,8.2999375,161.9791667,72.33208333
2019,110,9.6869375,166.9791667,69.79208333
2019,111,8.9679375,156.9791667,72.33208333
2019,112,7.8539375,160.9791667,82.49208333
2019,113,10.3394375,165.7291667,85.03208333
2019,114,10.0777375,166.7291667,87.57708333
2019,115,8.2249375,166.9791667,77.41208333
2019,116,8.9059375,154.9791667,72.33208333
2019,117,7.8809375,161.9791667,67.25208333
2019,118,8.4109375,162.9791667,74.87208333
2019,119,7.5109375,152.9791667,69.79208333
2019,120,7.8039375,156.9791667,77.41208333
2019,121,8.7449375,158.9791667,72.33208333
2019,122,8.1879375,157.9791667,72.33208333
2019,123,9.0419375,162.9791667,92.65708333
2019,124,8.1879375,157.9791667,72.33208333
2019,125,10.4940375,160.9791667,77.41208333
2019,126,10.4517375,155.9791667,79.95208333
2019,127,11.4160375,161.9791667,85.03208333
2019,128,10.6689375,163.7291667,69.79208333
2019,129,11.0966275,162.7291667,74.87208333
2019,130,10.4557375,164.7291667,79.95208333
2019,131,10.9554375,164.7291667,74.87208333
2019,132,11.1860375,165.7291667,85.03208333
2019,133,10.3790375,163.7291667,82.49208333
2019,134,11.3784375,165.7291667,95.19708333
2019,135,10.9937275,164.7291667,92.65708333
2019,136,10.8612375,162.7291667,85.03208333
2019,137,11.0966275,160.7291667,92.65708333
2019,138,9.6099375,163.7291667,87.57708333
2019,139,10.2593375,161.7291667,87.57708333
2019,140,7.8809375,161.7291667,82.49208333
2019,141,9.4179375,162.7291667,87.57708333
2019,142,8.4259375,165.7291667,82.49208333
2019,143,8.5059375,165.7291667,85.03208333
2019,144,8.9959375,159.7291667,85.03208333
2019,145,10.0717375,160.7291667,90.11708333
2019,146,8.9569375,165.7291667,74.87208333
2019,147,9.6739375,162.7291667,79.95208333
2019,148,10.5330375,162.7291667,102.8170833
2019,149,10.9372375,162.7291667,87.57708333
2019,150,12.0619375,165.9791667,82.49208333
2019,151,11.2676375,166.9791667,74.87208333
2019,152,11.1519375,158.9791667,85.03208333
2019,153,10.6522375,162.9791667,90.11708333
2019,154,10.9986075,155.9791667,92.65708333
2019,155,10.9986075,162.9791667,77.41208333
2019,156,10.4222375,160.9791667,90.11708333
2019,157,9.5759375,161.9791667,90.11708333
2019,158,9.8449375,161.9791667,90.11708333
2019,159,9.6919375,161.9791667,95.19708333
2019,160,8.8849375,161.9791667,72.33208333
2019,161,9.6309375,163.9791667,72.33208333
2019,162,10.1196375,161.9791667,107.8920833
2019,163,11.0846875,162.9791667,87.57708333
2019,164,10.9730475,162.9791667,77.41208333
2019,165,9.7299375,166.9791667,82.49208333
2019,166,10.9212375,165.9791667,85.03208333
2019,167,10.4989375,166.9791667,79.95208333
2019,168,9.9719375,166.9791667,77.41208333
2019,169,10.1943375,165.9791667,97.73708333
2019,170,9.9809375,163.9791667,85.03208333
2019,171,10.6764375,165.9791667,87.57708333
2019,172,8.7469375,162.9791667,72.33208333
2019,173,9.0809375,164.9791667,85.03208333
2019,174,10.4538375,162.9791667,87.57708333
2019,175,10.0529375,162.9791667,115.5120833
2019,176,9.6009375,158.9791667,85.03208333
2019,177,9.2999375,162.9791667,90.11708333
2019,178,9.5379375,161.9791667,77.41208333
2019,179,9.3459375,161.9791667,82.49208333
2019,180,9.6539375,162.9791667,87.57708333
2019,181,8.1549375,163.9791667,87.57708333
2019,182,10.1142375,166.9791667,85.03208333
2019,183,9.6749375,163.9791667,90.11708333
2019,184,10.2682375,166.9791667,87.57708333
2019,185,8.7839375,166.9791667,82.49208333
2019,186,9.1539375,167.9791667,82.49208333
2019,187,7.2329375,167.9791667,79.95208333
2019,188,9.4029375,163.4791667,92.02208333
2019,189,9.3569375,157.4791667,109.8020833
2019,190,10.3217375,162.4791667,84.40208333
2019,191,10.7097375,166.4791667,79.32208333
2019,192,9.5419375,166.4791667,81.86208333
2019,193,9.5949375,166.4791667,84.40208333
2019,194,10.6331375,162.4791667,84.40208333
2019,195,10.2867375,162.4791667,86.94208333
2019,196,10.8247375,163.4791667,89.48208333
2019,197,10.8725375,162.4791667,89.48208333
2019,198,11.3627375,165.4791667,92.02208333
2019,199,11.6701375,165.4791667,94.56208333
2019,200,9.7279375,162.4791667,76.78208333
2019,201,10.3251375,162.4791667,92.02208333
2019,202,10.0561375,163.4791667,84.40208333
2019,203,8.7109375,161.4791667,81.86208333
2019,204,9.6719375,158.4791667,79.32208333
2019,205,10.3641375,161.4791667,84.40208333
2019,206,10.7481375,162.4791667,79.32208333
2019,207,10.2901375,163.4791667,92.02208333
2019,208,10.9962575,162.4791667,81.86208333
2019,209,9.9029375,162.4791667,81.86208333
2019,210,10.7898375,162.4791667,79.32208333
2019,211,9.1339375,162.4791667,81.86208333
2019,212,9.7969375,158.4791667,71.70208333
2019,213,9.6079375,161.4791667,71.70208333
2019,214,11.1854375,158.9791667,82.49208333
2019,215,10.2101375,166.4791667,74.24208333
2019,216,11.1854375,158.9791667,77.41208333
2019,217,12.3719375,165.9791667,90.11708333
2019,218,10.4473375,158.4791667,86.94208333
2019,219,8.6559375,158.4791667,94.56208333
2019,220,9.2999375,161.4791667,76.78208333
2019,221,8.0999375,162.4791667,79.32208333
2019,222,10.7852375,162.9791667,77.41208333
2019,223,12.3419375,158.9791667,83.13208333
2019,224,12.4139375,157.9791667,88.21208333
2019,225,10.1887375,157.9791667,80.59208333
2019,226,9.3049375,161.9791667,75.51208333
2019,227,9.9649375,161.9791667,75.51208333
2019,228,8.5549375,160.9791667,72.97208333
2019,229,7.5899375,161.9791667,72.97208333
2019,230,8.7029375,161.9791667,83.13208333
2019,231,9.2669375,163.9791667,83.13208333
2019,232,8.3819375,163.9791667,78.05208333
2019,233,8.5569375,166.9791667,75.51208333
2019,234,9.3049375,163.9791667,80.59208333
2019,235,11.3064375,162.9791667,85.67208333
2019,236,10.7482375,166.9791667,78.05208333
2019,237,12.8999375,165.9791667,83.13208333
2019,238,12.0542375,158.9791667,78.05208333
2019,239,10.9076375,158.9791667,78.05208333
2019,240,11.0609815,166.9791667,80.59208333
2019,241,11.4658375,162.9791667,85.67208333
2019,242,11.7045375,158.9791667,83.13208333
2019,243,10.9957475,158.9791667,75.51208333
2019,244,10.9782675,162.9791667,75.51208333
2019,245,10.4295375,158.9791667,83.13208333
2019,246,11.4187375,158.9791667,80.59208333
2019,247,10.1887375,162.9791667,75.51208333
2019,248,10.4194375,162.9791667,72.97208333
2019,249,8.8049375,157.9791667,75.51208333
2019,250,8.6509375,158.9791667,72.97208333
2019,251,11.4530375,162.9791667,79.95208333
2019,252,8.5359375,157.9791667,75.51208333
2019,253,7.9599375,158.9791667,72.97208333
2019,254,8.7669375,162.9791667,83.13208333
2019,255,8.7669375,161.9791667,75.51208333
2019,256,9.1939375,161.9791667,80.59208333
2019,257,8.1129375,165.9791667,78.05208333
2019,258,8.5749375,160.9791667,80.59208333
2019,259,8.2289375,161.9791667,72.97208333
2019,260,8.3059375,153.9791667,72.97208333
2019,261,8.8439375,155.9791667,72.97208333
2019,262,8.8819375,161.9791667,80.59208333
2019,263,7.7759375,161.4791667,76.78208333
2019,264,8.5829375,156.4791667,79.32208333
2019,265,8.4679375,160.4791667,76.78208333
2019,266,8.9549375,157.4791667,79.32208333
2019,267,9.1209375,158.4791667,81.86208333
2019,268,8.8309375,160.4791667,76.78208333
2019,269,7.9749375,166.4791667,71.70208333
2019,270,8.3889375,162.4791667,69.16208333
2019,271,9.4779375,163.4791667,79.32208333
2019,272,10.0449375,163.4791667,84.40208333
2019,273,10.7265375,163.4791667,81.86208333
2019,274,9.3739375,163.4791667,84.40208333
2019,275,10.7876375,163.2291667,81.86208333
2019,276,10.5878375,163.2291667,86.94208333
2019,277,10.5482375,163.2291667,79.32208333
2019,278,9.1529375,163.2291667,79.32208333
2019,279,9.1369375,162.2291667,86.94208333
2019,280,9.1749375,166.2291667,84.40208333
2019,281,9.7509375,166.2291667,84.40208333
2019,282,9.7509375,167.2291667,89.48208333
2019,283,9.4929375,167.2291667,74.24208333
2019,284,8.9439375,161.2291667,79.32208333
2019,285,10.2892375,157.2291667,79.32208333
2019,286,8.1989375,157.4791667,76.78208333
2019,287,9.9659375,161.4791667,84.40208333
2019,288,11.8000375,160.9791667,90.11708333
2019,289,8.6369375,162.2291667,81.86208333
2019,290,9.5209375,162.2291667,84.40208333
2019,291,9.8629375,162.2291667,84.40208333
2019,292,9.7509375,156.2291667,79.32208333
2019,293,9.4919375,155.2291667,81.86208333
2019,294,10.5966375,168.2291667,76.78208333
2019,295,9.5209375,167.2291667,69.16208333
2019,296,10.6732375,164.2291667,79.32208333
2019,297,11.2503375,167.2291667,79.32208333
2019,298,11.2112375,167.2291667,81.86208333
2019,299,11.3525375,165.4791667,79.32208333
2019,300,11.5414375,167.4791667,79.32208333
2019,301,10.0369375,161.4791667,76.78208333
2019,302,10.2731375,166.4791667,86.94208333
2019,303,10.2765375,166.4791667,84.40208333
2019,304,11.4264375,166.4791667,89.48208333
2019,305,10.9651475,166.4791667,86.94208333
2019,306,11.6309375,166.4791667,86.94208333
2019,307,12.4639375,166.4791667,86.94208333
2019,308,11.6564375,167.4791667,86.94208333
2019,309,9.8129375,163.4791667,81.86208333
2019,310,9.1209375,161.4791667,71.70208333
2019,311,8.5059375,157.4791667,74.24208333
2019,312,8.6749375,158.4791667,74.24208333
2019,313,9.3659375,166.2291667,74.24208333
2019,314,8.8129375,162.4791667,84.40208333
2019,315,8.1559375,167.4791667,76.78208333
2019,316,8.5269375,168.4791667,81.86208333
2019,317,9.1949375,158.4791667,79.32208333
2019,318,9.6769375,166.4791667,81.86208333
2019,319,10.9853275,159.4791667,71.70208333
2019,320,11.2005375,154.4791667,76.78208333
2019,321,12.4919375,165.4791667,79.32208333
2019,322,12.9049375,166.4791667,81.86208333
2019,323,11.0572825,153.4791667,86.94208333
2019,324,11.2503375,168.2291667,86.94208333
2019,325,10.8272375,167.2291667,92.02208333
2019,326,8.9049375,155.4791667,76.78208333
2019,327,10.6047375,165.4791667,86.94208333
2019,328,9.8619375,162.4791667,99.64208333
2019,329,8.9279375,164.2291667,76.78208333
2019,330,11.0559375,161.2291667,97.10208333
2019,331,12.8109375,162.2291667,89.48208333
2019,332,11.9039375,160.2291667,92.02208333
2019,333,8.8449375,162.9791667,82.49208333
2019,334,8.6029375,161.9791667,74.87208333
2019,335,9.3069375,161.9791667,77.41208333
2019,336,8.9339375,163.9791667,85.03208333
2019,337,8.2079375,165.9791667,107.8920833
2019,338,8.4549375,165.9791667,72.33208333
2019,339,8.9929375,165.9791667,69.79208333
2019,340,8.4869375,166.9791667,69.79208333
2019,341,9.5229375,166.9791667,72.33208333
2019,342,8.8399375,159.9791667,79.95208333
2019,343,8.7629375,163.9791667,77.41208333
2019,344,8.4469375,162.9791667,77.41208333
2019,345,8.2469375,163.9791667,74.87208333
2019,346,11.0860275,161.9791667,82.49208333
2019,347,10.5366375,163.9791667,72.33208333
2019,348,9.7989375,162.9791667,77.41208333
2019,349,8.4259375,161.9791667,74.87208333
2019,350,7.4559375,162.9791667,69.79208333
2019,351,8.8399375,163.9791667,87.57708333
2019,352,8.6459375,162.9791667,79.95208333
2019,353,8.9249375,165.9791667,74.87208333
2019,354,8.3669375,162.9791667,67.25208333
2019,355,10.1463375,161.2291667,89.48208333
2019,356,9.6319375,161.2291667,79.32208333
2019,357,10.4369375,159.2291667,86.94208333
2019,358,9.6469375,159.2291667,79.32208333
2019,359,8.1319375,162.2291667,76.78208333
2019,360,7.7639375,163.2291667,69.16208333
2019,361,8.4939375,166.2291667,66.62208333
2019,362,10.1463375,167.2291667,74.24208333
2019,363,6.5729375,163.2291667,71.70208333
2019,364,8.6089375,158.2291667,76.78208333
2019,365,9.6079375,163.2291667,81.86208333
2019,366,8.0459375,163.2291667,79.32208333
2019,367,9.1089375,163.2291667,74.24208333
2019,368,10.4153375,164.2291667,71.70208333
2019,369,10.2775375,166.2291667,79.32208333
2019,370,11.7987375,161.2291667,84.40208333
2019,371,10.9150375,162.2291667,81.86208333
2019,372,10.9917175,167.2291667,81.86208333
2019,373,10.0249375,167.2291667,71.70208333
2019,374,11.5297375,167.2291667,81.86208333
2019,375,9.2239375,167.2291667,76.78208333
2019,376,8.6859375,164.2291667,74.24208333
2019,377,6.9179375,164.2291667,71.70208333
2019,378,8.0329375,165.2291667,71.70208333
2019,379,7.6869375,165.2291667,71.70208333
2019,380,7.5719375,163.2291667,74.24208333
2019,381,8.6479375,158.2291667,79.32208333
2019,382,8.4049375,159.2291667,81.86208333
2019,383,8.8779375,163.2291667,79.32208333
2019,384,7.9179375,163.2291667,89.48208333
2019,385,8.3019375,164.2291667,89.48208333
2019,386,7.3289375,168.2291667,71.70208333
2019,387,6.0729375,163.2291667,61.54208333
2019,388,10.1732375,163.2291667,81.86208333
2019,389,10.0616375,163.2291667,79.32208333
2019,390,9.4809375,163.2291667,79.32208333
2019,391,8.6909375,162.2291667,86.94208333
2019,392,9.5879375,162.2291667,84.40208333
2019,393,9.8389375,163.2291667,86.94208333
2019,394,9.5519375,163.2291667,81.86208333
2019,395,8.8319375,160.7291667,72.97208333
2019,396,9.2769375,162.7291667,67.89208333
2019,397,9.2199375,163.7291667,80.59208333
2019,398,9.2909375,165.7291667,80.59208333
2019,399,10.6875375,165.7291667,72.97208333
2019,400,8.9939375,152.7291667,75.51208333
2019,401,9.5779375,161.7291667,88.21208333
2019,402,10.2423375,164.7291667,78.05208333
2019,403,9.4259375,166.7291667,78.05208333
2019,404,9.6089375,165.7291667,70.43208333
2019,405,9.4549375,163.7291667,70.43208333
2019,406,9.5369375,162.7291667,83.13208333
2019,407,8.8319375,164.7291667,80.59208333
2019,408,10.1307375,163.7291667,85.67208333
2019,409,8.4559375,165.7291667,62.81208333
2019,410,8.2749375,160.7291667,67.89208333
2019,411,8.4169375,162.7291667,65.35208333
2019,412,7.6819375,165.7291667,62.81208333
2019,413,8.2379375,160.7291667,70.43208333
2019,414,8.5379375,162.7291667,75.51208333
2019,415,9.6089375,162.7291667,78.05208333
2019,416,10.2235375,162.7291667,80.59208333
2019,417,8.1709375,158.7291667,62.81208333
2019,418,7.8789375,161.7291667,72.97208333
2019,419,8.4109375,161.7291667,70.43208333
2019,420,10.2033375,162.7291667,70.43208333
2019,421,8.9939375,162.7291667,67.89208333
2019,422,9.3399375,161.7291667,75.51208333
2019,423,8.8789375,162.7291667,65.35208333
2019,424,8.3499375,162.7291667,78.05208333
2019,425,10.0695375,162.7291667,78.05208333
2019,426,9.3399375,160.7291667,78.05208333
2019,427,9.5319375,162.7291667,72.97208333
2019,428,7.8919375,163.7291667,72.97208333
2019,429,8.5329375,162.7291667,80.59208333
2019,430,8.1869375,162.7291667,78.05208333
2019,431,8.0329375,162.7291667,75.51208333
2019,432,9.9979375,162.9791667,74.87208333
2019,433,8.6839375,159.9791667,69.79208333
2019,434,10.5546375,166.9791667,85.03208333
2019,435,7.7269375,163.9791667,69.79208333
2019,436,8.2049375,162.9791667,67.25208333
2019,437,8.0459375,162.9791667,85.03208333
2019,438,7.9829375,162.9791667,85.03208333
2019,439,10.1578375,161.9791667,87.57708333
2019,440,8.2139375,161.9791667,77.41208333
2019,441,8.7899375,161.9791667,77.41208333
2019,442,9.4399375,162.9791667,72.33208333
2019,443,8.9219375,166.9791667,69.79208333
2019,444,9.7189375,166.9791667,64.71208333
2019,445,9.2809375,162.9791667,77.41208333
2019,446,7.1199375,162.9791667,82.49208333
2019,447,9.6059375,163.9791667,79.95208333
2019,448,10.5532375,162.9791667,77.41208333
2019,449,10.5962375,160.9791667,72.33208333
2019,450,11.4328375,167.9791667,85.03208333
2019,451,8.9619375,157.9791667,77.41208333
2019,452,10.6763375,160.9791667,79.95208333
2019,453,11.3535375,158.9791667,82.49208333
2019,454,10.9950775,162.9791667,79.95208333
2019,455,9.4399375,162.9791667,69.79208333
2019,456,11.9402375,162.4791667,81.86208333
